event_id,month,label,description,kind,status,source_id
E1,1973-10,Oil embargo begins,An Arab oil embargo on the United States starts on 19 October 1973. Oil prices nearly quadruple by January 1974.,event,approved,S22
E2,2008-09,Lehman Brothers fails,"The investment bank files for bankruptcy on 15 September 2008, in the middle of the global financial crisis.",event,approved,S23
E3,2011-02,Record as quoted,Copper reaches its highest monthly average as quoted so far. That record holds until May 2021.,record,approved,S02
E4,2020-03,Pandemic declared,"The World Health Organization says COVID-19 can be characterized as a pandemic, on 11 March 2020.",event,approved,S24
E7,2025-09,Grasberg mine accident,A mud rush at the Grasberg Block Cave mine in Indonesia on 8 September 2025 disrupts operations. The operator declares force majeure to its customers.,event,approved,S26
E8,2026-08,New record as quoted,"Copper's monthly average sets a new high as quoted, the highest since the series starts in 1960.",record,approved,S02
E9,2001-12,China joins the WTO,"China becomes the 143rd member of the World Trade Organization on 11 December 2001, after fifteen years of talks.",event,approved,S37
E10,2022-02,Russia invades Ukraine,Russian military operations begin inside Ukraine on 24 February 2022. The UN Secretary-General calls the offensive against the UN Charter.,event,approved,S36
E11,2025-08,US tariff on semi-finished copper products,"A 50 percent US tariff on semi-finished copper products and copper-intensive derivative products takes effect on 1 August 2025. Refined copper, ores, concentrates and scrap are not tariffed at first.",event,approved,S38
