source_id,name,publisher,url,source_type,licence_note,accessed_on,access_method,used_in,reliability,notes
S01,LME copper historical summary (daily),London Metal Exchange,https://www.lme.com,primary,Commercial data: publish derived results only. The LME data is never published; the month-end robustness result is provided as a file (results/res_dollar_month_end_check.csv) and reproducing it needs LME data that the project owner downloads,2025-07-26,Manual export by user (28 CSV files; one per year),raw_lme_copper_daily; stg_lme_copper_daily; v_lme_monthly,high,Export dated 2025-07-26; 15-month price ends 2012-04; volume starts 2006-10; unofficial prices start 2003
S02,World Bank Commodity Price Data (The Pink Sheet) monthly,World Bank,https://thedocs.worldbank.org/en/doc/74e8be41ceb20fa0da750cda2f6b9e4e-0050012026/related/CMO-Historical-Data-Monthly.xlsx,primary,"CC BY 4.0 is the World Bank's default licence for datasets it produces and distributes as open data (https://datacatalog.worldbank.org/public-licenses, checked 2026-10-02). The Pink Sheet landing page and the downloaded file do not state a licence line themselves, so confirm on the World Bank terms page before the repo goes public. Required credit: 'adapted from World Bank Commodity Price Data'; say if changes were made. Never mix with the LME series",2026-09-30,Manual download by user,raw_wb_prices_monthly; stg_wb_prices_monthly,high,Nominal US dollars only; file says updated 2026-09-02; sheet 'Mismatch Details' is a leftover comparison tab and is ignored
S03,Global price of Aluminum (PALUMUSDM),FRED (St. Louis Fed); underlying data IMF Primary Commodity Prices,https://fred.stlouisfed.org/series/PALUMUSDM,primary,FRED/IMF terms apply: confirm before publishing raw series,2026-09-30,Manual download by user,raw_fred_palumusdm; stg_fred_monthly,high,Monthly USD per tonne; used as a cross-check on the World Bank aluminium series
S04,Consumer Price Index for All Urban Consumers (CPIAUCSL),FRED (US Bureau of Labor Statistics),https://fred.stlouisfed.org/series/CPIAUCSL,primary,"Public Domain: Citation Requested (label on the FRED series page, checked 2026-10-02). Cite as: U.S. Bureau of Labor Statistics, Consumer Price Index for All Urban Consumers: All Items in U.S. City Average [CPIAUCSL], retrieved from FRED, Federal Reserve Bank of St. Louis; https://fred.stlouisfed.org/series/CPIAUCSL",2026-09-30,Manual download by user (CPIAUCSL.csv),raw_fred_cpiaucsl; stg_fred_monthly; v_price_real,high,"Monthly index 1982-84=100, seasonally adjusted, 1947-01 to 2026-08; used to show prices in real terms; the value for 2025-10 is blank in the file and stays NULL: BLS could not collect October 2025 data during the federal shutdown (S19)"
S05,Global EV Outlook 2026 data (EV data by country),International Energy Agency,https://www.iea.org/data-and-statistics/data-tools/global-ev-data-explorer,primary,IEA terms apply: confirm the licence before publishing raw series,2026-09-30,Manual download by user,raw_ev_data; stg_ev_data; mart_ev_sales_path,high,"Contains Historical plus two projection scenarios (CPS and STEPS) to 2035 (no 2030 values). The Notes sheet says all numbers are rounded to two significant figures, so sums of parts and derived totals are approximate. Powertrains are BEV, PHEV, FCEV and EV; there is no hybrid (HEV) split"
S06,Mineral Commodity Summaries 2026 - Copper (data release and PDF),US Geological Survey,https://pubs.usgs.gov/periodicals/mcs2026/mcs2026-copper.pdf,primary,US government work; generally public domain,2026-09-30,"Data release CSV (MCS2026_Commodities_Data.csv) and the chapter PDF, downloaded by user",raw_usgs_commodities; stg_usgs_copper; v_usgs_latest; v_usgs_reserves,high,Primary machine-readable data; replaces the figures first read off the web page. 2025 values are USGS estimates (2025e in the PDF)
S07,Mineral Commodity Summaries 2025 - Copper,US Geological Survey,https://pubs.usgs.gov/periodicals/mcs2025/mcs2025-copper.pdf,primary,US government work; generally public domain,2026-09-30,Read via web tool (text extraction); totals checked in data_checks,usgs_mine_production_country,high,Reserves column not used: the text extraction returned an impossible value for Australia; use S06 for reserves. Kept to show how 2024 estimates were later revised
S08,Top 10 Copper-Producing Companies (2025 data),Investing News Network,https://investingnews.com/daily/resource-investing/base-metals-investing/copper-investing/top-copper-producing-companies/,secondary,Article; do not republish text,2026-09-30,Read via web tool (text extraction),company_production,medium,Article dated 2026-05-19; says it calculated attributable production for consistency; replace with company reports before publishing
S09,Top 10 Copper Mining Companies 2026,Critical Minerals News,https://critical-minerals-news.com/top-10-copper-mining-companies-2026/,secondary,Article; do not republish text,2026-09-30,Read via web tool (text extraction),company_production,low,Article dated 2026-03-21; basis of figures not stated; several figures conflict with S08 so they are kept but not used
S10,Ranked: Top 20 biggest copper mines 2025,MINING.COM,https://www.mining.com/featured-article/ranked-top-20-biggest-copper-mines-2025/,secondary,Article; do not republish text,2026-09-30,Read via web tool (text extraction),mine_production,medium,Period label (H1 2025) comes from the extraction and should be checked on the page
S11,EV Battery Copper Demand: How Much Copper Per Electric Vehicle?,CopperTalk (cites Copper Alliance and IDTechEx),https://coppertalk.org/blog/ev-copper-demand-per-vehicle-2026/,secondary,Article; do not republish text,2026-09-30,Read via web tool (text extraction),copper_intensity_vehicle,medium,Secondary source; look for a second independent source before publishing
S12,Energy and AI: Energy demand from AI,International Energy Agency,https://www.iea.org/reports/energy-and-ai/energy-demand-from-ai,primary,IEA terms apply,2026-09-30,Read via web tool (text extraction),datacentre_electricity_iea; datacentre_growth_by_region,high,"Headline scenario figures read from the IEA report page; the annex (S15) has the full Base Case tables. Figures are rounded (""around"") as stated by the IEA"
S13,AI's appetite for copper poses a systemic risk to data center buildout (citing S&P Global),SDxCentral,https://www.sdxcentral.com/news/ais-appetite-for-copper-poses-a-systemic-risk-to-data-center-buildout/,secondary,Article dated 2026-01-08,2026-09-30,Read via web tool (text extraction),datacentre_copper_assumptions; mart_scenario_inputs; mart_dc_copper_cases,low,Reports S&P Global estimates; treat as scenario inputs not measured data. UNRESOLVED: S13 does not state whether the 30-40 tonnes per MW refer to total installed capacity or IT capacity (known_issues K01). UNRECONCILED: its 1.1 Mt data-centre copper demand for 2025 is about 2.0 to 2.6 times what 14 GW x 30-40 t/MW gives for the 2024 build (K02)
S14,Copper in the Age of AI (full report),S&P Global,https://www.spglobal.com/content/dam/spglobal/global-assets/en/special-reports/copper-in-the-age-of-ai/Copper%20in%20the%20Age%20of%20AI_Full%20Report_January%202026.pdf,primary,Commercial report,not read directly,Referenced only,datacentre_copper_assumptions,unrated,"Original of S13; read it directly to confirm the S13 figures. Checked by the project owner on 2026-10-01: it does not settle which capacity basis (total or IT) the 30-40 t/MW use either (known_issues K01, still open)"
S15,Energy and AI - Data annex (Data_annex_Energy_and_AI.xlsx),International Energy Agency,https://www.iea.org/data-and-statistics/data-product/energy-and-ai,primary,IEA terms apply: confirm the licence before publishing raw series,2026-09-30,Manual download by user,raw_iea_annex_cells; stg_datacentre_annex_world; stg_datacentre_annex_regional,high,Base Case for 2030; 2035 world values are marked by the IEA as exploratory scenarios. A spacer column with #REF! errors in the regional sheet is ignored
S16,U.S. Dollars to Euro Spot Exchange Rate (EXUSEU),FRED (Board of Governors of the Federal Reserve System; G.5 release),https://fred.stlouisfed.org/series/EXUSEU,primary,"Public Domain: Citation Requested (label on the FRED series page, checked 2026-10-02). Cite as: Board of Governors of the Federal Reserve System (US), U.S. Dollars to Euro Spot Exchange Rate [EXUSEU], retrieved from FRED, Federal Reserve Bank of St. Louis; https://fred.stlouisfed.org/series/EXUSEU",2026-09-30,Manual download by user (EXUSEU.csv),raw_fred_exuseu; stg_fred_monthly,high,"USD per 1 euro, monthly, 1999-01 to 2026-08. Confirmed on the FRED page 2026-10-02: units 'U.S. Dollars to One Euro, Not Seasonally Adjusted'; monthly values are averages of the daily data available"
S17,Nominal Broad U.S. Dollar Index (DTWEXBGS),FRED (Board of Governors of the Federal Reserve System),https://fred.stlouisfed.org/series/DTWEXBGS,primary,"Public Domain: Citation Requested (label on the FRED series page, checked 2026-10-02). Cite as: Board of Governors of the Federal Reserve System (US), Nominal Broad U.S. Dollar Index [DTWEXBGS], retrieved from FRED, Federal Reserve Bank of St. Louis; https://fred.stlouisfed.org/series/DTWEXBGS",2026-10-01,"Manual download by user (DTWEXBGS (1).csv, full history); the shorter DTWEXBGS.csv (2021-09-27 onward) is identical on the shared dates and is ignored",raw_fred_dtwexbgs; stg_fred_dtwexbgs_daily,high,"Daily index, 2006-01-02 to 2026-09-25. Confirmed on the FRED page 2026-10-02: 'Index Jan 2006=100, Not Seasonally Adjusted', release H.10. 212 blank rows are days with no published value (holidays) and are kept as blank in the raw table"
S18,Market Yield on U.S. Treasury Securities at 10-Year Constant Maturity (GS10),FRED (Board of Governors of the Federal Reserve System; H.15 release),https://fred.stlouisfed.org/series/GS10,primary,"Public Domain: Citation Requested (label on the FRED series page, checked 2026-10-02). Cite as: Board of Governors of the Federal Reserve System (US), Market Yield on U.S. Treasury Securities at 10-Year Constant Maturity, Quoted on an Investment Basis [GS10], retrieved from FRED, Federal Reserve Bank of St. Louis; https://fred.stlouisfed.org/series/GS10",2026-09-30,Manual download by user (GS10.csv),raw_fred_gs10; stg_fred_monthly,high,"Monthly, 1953-04 to 2026-08. Confirmed on the FRED page 2026-10-02: 'Percent, Not Seasonally Adjusted'; monthly values are averages of business days; release H.15"
S19,2025 Federal Government Shutdown Impact on the Consumer Price Index (FAQ),US Bureau of Labor Statistics,https://www.bls.gov/cpi/additional-resources/2025-federal-government-shutdown-impact-cpi-faq.htm,primary,US government work; generally public domain,2026-10-01,Read via web tool,Explains the missing 2025-10 CPI value (README; mart_monthly_panel),high,States: lapse in appropriations 2025-10-01 to 2025-11-12; BLS could not collect October 2025 survey data and cannot collect it retroactively; no all-items October 2025 index was published; November 2025 indexes were calculated against carried-forward October prices
S20,Project modelling assumptions (demand scenario),This project (Behindokht Alipour),notebooks/03_demand_scenario.ipynb,assumption,Own work,2026-10-01,Stated in collected/scenario_assumptions.csv and the notebook,scenario_assumptions; mart_scenario_inputs; mart_ev_sales_path; mart_dc_capacity_path,assumption,"Choices that are not data: how 2030 EV sales are interpolated, an even or constant-growth data-centre build, which base-year build is subtracted, and the 15% growth rate. Every one is shown as a sensitivity"
S21,Global EV Outlook 2026 (report text: executive summary and outlook chapter),International Energy Agency,https://www.iea.org/reports/global-ev-outlook-2026/executive-summary,primary,IEA terms apply; short quotations only,2026-10-01,Read via web tool,notebooks/03_demand_scenario.ipynb (scenario wording only),high,"Calls CPS and STEPS 'exploratory scenarios' and 'policy-based exploratory scenarios'. Says CO2 and fuel economy standards are the main driver of rising EV sales outside China in the CPS, and that STEPS follows a similar trajectory with higher growth, especially outside Europe and China. The pages read give no detailed list of the policies in each scenario"
S22,Oil Shock of 1973-74 (Michael Corbett),Federal Reserve History (Federal Reserve System),https://www.federalreservehistory.org/essays/oil-shock-of-1973-74,secondary,Facts cited with a link; no text copied,2026-10-03,Read via web tool,collected/events.csv (event E1),high,"Essay dated 2013-11-22; embargo began 1973-10-19, lifted March 1974; oil price from $2.90 to $11.65 a barrel by January 1974"
S23,Support for Specific Institutions (John Weinberg),Federal Reserve History (Federal Reserve System),https://www.federalreservehistory.org/essays/support-for-specific-institutions,secondary,Facts cited with a link; no text copied,2026-10-03,Read via web tool,collected/events.csv (event E2),high,Essay dated 2013-11-22; Lehman Brothers filed for bankruptcy on 2008-09-15
S24,"WHO Director-General's opening remarks at the media briefing on COVID-19, 11 March 2020",World Health Organization,https://www.who.int/news-room/speeches/item/who-director-general-s-opening-remarks-at-the-media-briefing-on-covid-19---11-march-2020,primary,Facts cited with a link; no text copied,2026-10-03,Read via web tool,collected/events.csv (event E4),high,States that COVID-19 can be characterized as a pandemic
S26,Freeport Provides Update on PT Freeport Indonesia Operations (news release),Freeport-McMoRan,https://investors.fcx.com/investors/news-releases/news-release-details/2025/Freeport-Provides-Update-on-PT-Freeport-Indonesia-Operations-df08fc3a7/default.aspx,primary,Company news release; facts cited with a link,2026-10-03,Read via web tool,collected/events.csv (event E7),high,Released 2025-09-24; mud rush at the Grasberg Block Cave mine on 2025-09-08; force majeure notified to counterparties
S27,Nixon Ends Convertibility of U.S. Dollars to Gold and Announces Wage/Price Controls (Sandra Kollen Ghizoni),Federal Reserve History (Federal Reserve System),https://www.federalreservehistory.org/essays/gold-convertibility-ends,secondary,Facts cited with a link; no text copied,2026-10-03,Read via web tool,notebooks/05_chapter_facts.ipynb (gold note in the interlude),high,Dollars convertible to gold at a fixed $35 an ounce under Bretton Woods; two-tier gold market from 1968; gold window closed 1971-08-15
S28,Standard Country or Area Codes for Statistical Use (M49),United Nations Statistics Division,https://unstats.un.org/unsd/methodology/m49/,primary,Codes cited; free to use,2026-10-03,Read via web tool,collected/usgs_country_iso.csv,high,ISO alpha-3 and M49 numeric codes; Natural Earth and world-atlas use the same numeric codes
S29,Natural Earth 1:110m admin 0 country boundaries (version 4.1.0),Natural Earth,https://www.naturalearthdata.com/about/terms-of-use/,primary,Public domain; credit 'Made with Natural Earth' is optional and given,2026-10-03,Downloaded as TopoJSON through the world-atlas package (tools/geo/countries-110m.json),docs/data/map.js (tools/build_map.py),high,Terms page: all versions of Natural Earth raster and vector data are in the public domain
S30,world-atlas 2.0.2 (Natural Earth as TopoJSON),Mike Bostock and contributors (topojson/world-atlas),https://github.com/topojson/world-atlas,primary,"ISC licence (package); the data is Natural Earth, public domain",2026-10-03,"Downloaded countries-110m.json from the package (npm, jsDelivr)",tools/geo/countries-110m.json; docs/data/map.js,high,Countries carry the three-digit ISO 3166-1 numeric code as id
S31,The World Copper Factbook 2025,International Copper Study Group (ICSG),https://icsg.org/copper-factbook/,primary,ICSG publication: cite; do not republish the document,2026-10-04,Read via web tool (PDF text extraction); verify page numbers in the PDF before publishing,copper_end_use; copper_context_facts,high,"End-use shares are shares of copper and copper-alloy semis use, world, 2024 (p.48 per extraction). China 58% of refined usage 2024 (p.5). Recycled copper about one-third of global use 2024 (p.55). Secondary refined 17% of refined production 2024 (p.22). Mine production 23 Mt and refined usage 27.4 Mt in 2024 (p.5). Wire 63% of semis (p.48)."
S32,Copper Wire Tables (NBS Circular 31),US National Bureau of Standards (now NIST),https://nvlpubs.nist.gov/nistpubs/Legacy/circ/nbscircular31e2.pdf,primary,US government work,2026-10-04,Read via web tool,physical_constants,high,"International Annealed Copper Standard: resistivity 1.7241 microhm-cm and density 8.89 g/cm3 at 20 C. Commercial hard-drawn aluminium: 61.0% volume conductivity (relative to the annealed copper standard), density 2.70 g/cm3."
S33,"Repairing Aluminum Wiring (Publication 516, June 2011)",US Consumer Product Safety Commission (CPSC),https://www.cpsc.gov/s3fs-public/516.pdf,primary,US government work,2026-10-04,"Downloaded the PDF and extracted the text; the 55 times sentence is on page 1 of the text (PDF page 3)",aluminium chapter text,high,"Franklin Research Institute survey for CPSC: homes built before 1972 and wired with aluminum are 55 times more likely to have one or more wire connections at outlets reach Fire Hazard Conditions than homes wired with copper. The survey covered connections at outlets only."
S34,Aluminium versus copper,Nexans (cable maker web page),https://www.nexans.be/en/business/Building-Territories/Building/Distributors/Aluminium-versus-Copper.html,secondary,Manufacturer web page: cite; do not republish,2026-10-04,Read via web tool,aluminium chapter text,medium,"Copper ultimate tensile strength 2.8 times aluminium; fatigue limit 1.6 times; oxide layer harms aluminium conductivity and contacts more; aluminium cables suit high-power lines, automotive and aerospace because of lower weight. A manufacturer page, not a standard."
