grouping,key_value,n_rows,n_values,n_distinct,sum_value,min_num,max_num,min_text,max_text
column:section,ALL,194,194,3.0,,,,Import Sources,World Mine and Refinery Production and Reserves
column:country,ALL,194,194,24.0,,,,Australia,Zambia
column:statistic,ALL,194,194,10.0,,,,Consumption,Stock
column:statistic_detail,ALL,194,194,27.0,,,,"Consumption: Apparent, primary refined copper and copper from old scrap","Stocks, refined, held by U.S. producers, consumers, and metal exchanges, yearend"
column:unit,ALL,194,194,4.0,,,,cents per pound,thousand metric tons
column:year_text,ALL,194,194,6.0,,,,2021,2025
column:value_text,ALL,194,194,158.0,,,,"1,000",—
column:notes,ALL,194,88,12.0,,,,"Copper converted to refined metal, alloys, and other forms by brass and wire-rod mills, foundries, refineries, and other manufacturers.","See Appendix C for resource and reserve definitions and information concerning data sources. -- For Australia, Joint Ore Reserves Committee-compliant or equivalent reserves were 27 million tons."
column:source_id,ALL,194,194,1.0,,,,S06,S06
column:year,ALL,194,175,5.0,354177.0,2021.0,2025.0,,
column:value,ALL,194,181,154.0,2271104.3,3.0,980000.0,,
column:is_estimate,ALL,194,194,2.0,73.0,0.0,1.0,,
group:section,Import Sources,19,17,,400.0,,,,
group:section,Salient Statistics—United States,80,78,,105340.3,,,,
group:section,World Mine and Refinery Production and Reserves,95,86,,2165364.0,,,,
group:statistic_detail|year_text,"Consumption: Apparent, primary refined copper and copper from old scrap|2021",1,1,,1970.0,,,,
group:statistic_detail|year_text,"Consumption: Apparent, primary refined copper and copper from old scrap|2022",1,1,,1810.0,,,,
group:statistic_detail|year_text,"Consumption: Apparent, primary refined copper and copper from old scrap|2023",1,1,,1680.0,,,,
group:statistic_detail|year_text,"Consumption: Apparent, primary refined copper and copper from old scrap|2024",1,1,,1860.0,,,,
group:statistic_detail|year_text,"Consumption: Apparent, primary refined copper and copper from old scrap|2025",1,1,,2200.0,,,,
group:statistic_detail|year_text,"Consumption: Reported, refined copper|2021",1,1,,1750.0,,,,
group:statistic_detail|year_text,"Consumption: Reported, refined copper|2022",1,1,,1720.0,,,,
group:statistic_detail|year_text,"Consumption: Reported, refined copper|2023",1,1,,1580.0,,,,
group:statistic_detail|year_text,"Consumption: Reported, refined copper|2024",1,1,,1580.0,,,,
group:statistic_detail|year_text,"Consumption: Reported, refined copper|2025",1,1,,1700.0,,,,
group:statistic_detail|year_text,Copper content of blister and anodes|2021–24,4,4,,100.0,,,,
group:statistic_detail|year_text,"Copper content of matte, ash, and precipitate|2021–24",5,5,,100.0,,,,
group:statistic_detail|year_text,Copper content of ore and concentrate|2021–24,2,0,,0.0,,,,
group:statistic_detail|year_text,Copper content of scrap|2021–24,3,3,,100.0,,,,
group:statistic_detail|year_text,Copper recovered from old (post-consumer) scrap|2021,1,1,,169.0,,,,
group:statistic_detail|year_text,Copper recovered from old (post-consumer) scrap|2022,1,1,,152.0,,,,
group:statistic_detail|year_text,Copper recovered from old (post-consumer) scrap|2023,1,1,,137.0,,,,
group:statistic_detail|year_text,Copper recovered from old (post-consumer) scrap|2024,1,1,,140.0,,,,
group:statistic_detail|year_text,Copper recovered from old (post-consumer) scrap|2025,1,1,,160.0,,,,
group:statistic_detail|year_text,"Employment, mine and plant, number|2021",1,1,,11400.0,,,,
group:statistic_detail|year_text,"Employment, mine and plant, number|2022",1,1,,12000.0,,,,
group:statistic_detail|year_text,"Employment, mine and plant, number|2023",1,1,,12600.0,,,,
group:statistic_detail|year_text,"Employment, mine and plant, number|2024",1,1,,13000.0,,,,
group:statistic_detail|year_text,"Employment, mine and plant, number|2025",1,1,,13000.0,,,,
group:statistic_detail|year_text,Exports: Ore and concentrate|2021,1,1,,344.0,,,,
group:statistic_detail|year_text,Exports: Ore and concentrate|2022,1,1,,351.0,,,,
group:statistic_detail|year_text,Exports: Ore and concentrate|2023,1,1,,339.0,,,,
group:statistic_detail|year_text,Exports: Ore and concentrate|2024,1,1,,326.0,,,,
group:statistic_detail|year_text,Exports: Ore and concentrate|2025,1,1,,340.0,,,,
group:statistic_detail|year_text,Exports: Refined|2021,1,1,,48.0,,,,
group:statistic_detail|year_text,Exports: Refined|2022,1,1,,27.0,,,,
group:statistic_detail|year_text,Exports: Refined|2023,1,1,,29.0,,,,
group:statistic_detail|year_text,Exports: Refined|2024,1,1,,72.0,,,,
group:statistic_detail|year_text,Exports: Refined|2025,1,1,,110.0,,,,
group:statistic_detail|year_text,Imports for consumption: Ore and concentrate|2021,1,1,,11.0,,,,
group:statistic_detail|year_text,Imports for consumption: Ore and concentrate|2022,1,1,,12.0,,,,
group:statistic_detail|year_text,Imports for consumption: Ore and concentrate|2023,1,1,,3.0,,,,
group:statistic_detail|year_text,Imports for consumption: Ore and concentrate|2024,1,0,,0.0,,,,
group:statistic_detail|year_text,Imports for consumption: Ore and concentrate|2025,1,0,,0.0,,,,
group:statistic_detail|year_text,Imports for consumption: Refined|2021,1,1,,919.0,,,,
group:statistic_detail|year_text,Imports for consumption: Refined|2022,1,1,,732.0,,,,
group:statistic_detail|year_text,Imports for consumption: Refined|2023,1,1,,771.0,,,,
group:statistic_detail|year_text,Imports for consumption: Refined|2024,1,1,,903.0,,,,
group:statistic_detail|year_text,Imports for consumption: Refined|2025,1,1,,1700.0,,,,
group:statistic_detail|year_text,Mine production|2024,18,15,,22981.0,,,,
group:statistic_detail|year_text,Mine production|2025,18,15,,23013.0,,,,
group:statistic_detail|year_text,Mine production: rounded|2024,1,1,,23000.0,,,,
group:statistic_detail|year_text,Mine production: rounded|2025,1,1,,23000.0,,,,
group:statistic_detail|year_text,Net import reliance as a percentage of apparent consumption|2021,1,1,,44.0,,,,
group:statistic_detail|year_text,Net import reliance as a percentage of apparent consumption|2022,1,1,,41.0,,,,
group:statistic_detail|year_text,Net import reliance as a percentage of apparent consumption|2023,1,1,,42.0,,,,
group:statistic_detail|year_text,Net import reliance as a percentage of apparent consumption|2024,1,1,,45.0,,,,
group:statistic_detail|year_text,Net import reliance as a percentage of apparent consumption|2025,1,1,,57.0,,,,
group:statistic_detail|year_text,"Price, annual average, cents per pound: COMEX, high-grade, first position|2021",1,1,,424.3,,,,
group:statistic_detail|year_text,"Price, annual average, cents per pound: COMEX, high-grade, first position|2022",1,1,,400.7,,,,
group:statistic_detail|year_text,"Price, annual average, cents per pound: COMEX, high-grade, first position|2023",1,1,,385.7,,,,
group:statistic_detail|year_text,"Price, annual average, cents per pound: COMEX, high-grade, first position|2024",1,1,,421.6,,,,
group:statistic_detail|year_text,"Price, annual average, cents per pound: COMEX, high-grade, first position|2025",1,1,,480.0,,,,
group:statistic_detail|year_text,"Price, annual average, cents per pound: London Metal Exchange, grade A, cash|2021",1,1,,422.5,,,,
group:statistic_detail|year_text,"Price, annual average, cents per pound: London Metal Exchange, grade A, cash|2022",1,1,,399.8,,,,
group:statistic_detail|year_text,"Price, annual average, cents per pound: London Metal Exchange, grade A, cash|2023",1,1,,384.8,,,,
group:statistic_detail|year_text,"Price, annual average, cents per pound: London Metal Exchange, grade A, cash|2024",1,1,,414.7,,,,
group:statistic_detail|year_text,"Price, annual average, cents per pound: London Metal Exchange, grade A, cash|2025",1,1,,440.0,,,,
group:statistic_detail|year_text,"Price, annual average, cents per pound: U.S. producer, cathode (COMEX + premium)|2021",1,1,,432.3,,,,
group:statistic_detail|year_text,"Price, annual average, cents per pound: U.S. producer, cathode (COMEX + premium)|2022",1,1,,410.8,,,,
group:statistic_detail|year_text,"Price, annual average, cents per pound: U.S. producer, cathode (COMEX + premium)|2023",1,1,,395.3,,,,
group:statistic_detail|year_text,"Price, annual average, cents per pound: U.S. producer, cathode (COMEX + premium)|2024",1,1,,431.8,,,,
group:statistic_detail|year_text,"Price, annual average, cents per pound: U.S. producer, cathode (COMEX + premium)|2025",1,1,,490.0,,,,
group:statistic_detail|year_text,"Production, Refinery: Primary (from ore)|2021",1,1,,931.0,,,,
group:statistic_detail|year_text,"Production, Refinery: Primary (from ore)|2022",1,1,,917.0,,,,
group:statistic_detail|year_text,"Production, Refinery: Primary (from ore)|2023",1,1,,843.0,,,,
group:statistic_detail|year_text,"Production, Refinery: Primary (from ore)|2024",1,1,,882.0,,,,
group:statistic_detail|year_text,"Production, Refinery: Primary (from ore)|2025",1,1,,790.0,,,,
group:statistic_detail|year_text,"Production, Refinery: Secondary (from scrap)|2021",1,1,,49.0,,,,
group:statistic_detail|year_text,"Production, Refinery: Secondary (from scrap)|2022",1,1,,40.0,,,,
group:statistic_detail|year_text,"Production, Refinery: Secondary (from scrap)|2023",1,1,,39.0,,,,
group:statistic_detail|year_text,"Production, Refinery: Secondary (from scrap)|2024",1,1,,39.0,,,,
group:statistic_detail|year_text,"Production, Refinery: Secondary (from scrap)|2025",1,1,,60.0,,,,
group:statistic_detail|year_text,"Production: Mine, recoverable|2021",1,1,,1230.0,,,,
group:statistic_detail|year_text,"Production: Mine, recoverable|2022",1,1,,1230.0,,,,
group:statistic_detail|year_text,"Production: Mine, recoverable|2023",1,1,,1130.0,,,,
group:statistic_detail|year_text,"Production: Mine, recoverable|2024",1,1,,1050.0,,,,
group:statistic_detail|year_text,"Production: Mine, recoverable|2025",1,1,,1000.0,,,,
group:statistic_detail|year_text,Refined copper|2021–24,5,5,,100.0,,,,
group:statistic_detail|year_text,Refinery production|2024,18,18,,27600.0,,,,
group:statistic_detail|year_text,Refinery production|2025,18,18,,28970.0,,,,
group:statistic_detail|year_text,Refinery production: rounded|2024,1,1,,27600.0,,,,
group:statistic_detail|year_text,Refinery production: rounded|2025,1,1,,29000.0,,,,
group:statistic_detail|year_text,Reserves|2025,18,15,,980200.0,,,,
group:statistic_detail|year_text,Reserves: rounded|2025,1,1,,980000.0,,,,
group:statistic_detail|year_text,"Stocks, refined, held by U.S. producers, consumers, and metal exchanges, yearend|2021",1,1,,117.0,,,,
group:statistic_detail|year_text,"Stocks, refined, held by U.S. producers, consumers, and metal exchanges, yearend|2022",1,1,,84.0,,,,
group:statistic_detail|year_text,"Stocks, refined, held by U.S. producers, consumers, and metal exchanges, yearend|2023",1,1,,128.0,,,,
group:statistic_detail|year_text,"Stocks, refined, held by U.S. producers, consumers, and metal exchanges, yearend|2024",1,1,,123.0,,,,
group:statistic_detail|year_text,"Stocks, refined, held by U.S. producers, consumers, and metal exchanges, yearend|2025",1,1,,450.0,,,,
group:country,Australia,5,5,,102389.0,,,,
group:country,Belgium,1,1,,24.0,,,,
group:country,Canada,9,8,,8772.0,,,,
group:country,Chile,6,6,,194518.0,,,,
group:country,China,5,5,,71040.0,,,,
group:country,Congo (Kinshasa),5,5,,91550.0,,,,
group:country,Finland,1,1,,88.0,,,,
group:country,Germany,5,2,,1207.0,,,,
group:country,India,5,5,,3415.0,,,,
group:country,Indonesia,5,5,,23469.0,,,,
group:country,Japan,6,3,,2979.0,,,,
group:country,Kazakhstan,5,5,,22432.0,,,,
group:country,"Korea, Republic of",5,2,,1214.0,,,,
group:country,Malaysia,1,1,,3.0,,,,
group:country,Mexico,7,7,,55425.0,,,,
group:country,Other countries,10,9,,220290.0,,,,
group:country,Peru,6,6,,91172.0,,,,
group:country,Poland,5,5,,34959.0,,,,
group:country,Russia,5,5,,84166.0,,,,
group:country,Spain,1,1,,6.0,,,,
group:country,United Kingdom,1,1,,3.0,,,,
group:country,United States,85,83,,156161.3,,,,
group:country,World total,5,5,,1082600.0,,,,
group:country,Zambia,5,5,,23222.0,,,,
