commodity,unit,n_rows,date_min,date_max,null_values,sum_value
Aluminum,$/mt,800,1960-01-01,2026-08-01,0,1181360.0
"Banana, Europe",$/kg,356,1997-01-01,2026-08-01,0,345.46
"Banana, US",$/kg,800,1960-01-01,2026-08-01,0,446.68
Barley,$/mt,728,1960-01-01,2020-08-01,0,60698.4
Beef **,$/kg,800,1960-01-01,2026-08-01,0,2137.16
Chicken **,$/kg,800,1960-01-01,2026-08-01,0,933.64
"Coal, Australian",$/mt,680,1970-01-01,2026-08-01,0,40461.3
"Coal, South African **",$/mt,512,1984-01-01,2026-08-01,0,31652.5
Cocoa,$/kg,800,1960-01-01,2026-08-01,0,1563.98
Coconut oil,$/mt,800,1960-01-01,2026-08-01,0,599383.0
"Coffee, Arabica",$/kg,800,1960-01-01,2026-08-01,0,2230.95
"Coffee, Robusta",$/kg,800,1960-01-01,2026-08-01,0,1479.93
Copper,$/mt,800,1960-01-01,2026-08-01,0,2797907.0
"Cotton, A Index",$/kg,800,1960-01-01,2026-08-01,0,1184.43
"Crude oil, Brent",$/bbl,800,1960-01-01,2026-08-01,0,28262.6
"Crude oil, Dubai",$/bbl,800,1960-01-01,2026-08-01,0,27027.0
"Crude oil, WTI",$/bbl,536,1982-01-01,2026-08-01,0,25167.0
"Crude oil, average",$/bbl,800,1960-01-01,2026-08-01,0,27551.9
DAP,$/mt,716,1967-01-01,2026-08-01,0,190614.4
Fish meal,$/mt,572,1979-01-01,2026-08-01,0,517834.0
Gold,$/troy oz,800,1960-01-01,2026-08-01,0,531120.0
Groundnut oil **,$/mt,800,1960-01-01,2026-08-01,0,804948.0
Groundnuts,$/mt,560,1980-01-01,2026-08-01,0,667310.0
"Iron ore, cfr spot",$/dmtu,800,1960-01-01,2026-08-01,0,39691.7
Lamb **,$/kg,668,1971-01-01,2026-08-01,0,2727.06
Lead,$/mt,800,1960-01-01,2026-08-01,0,784314.0
"Liquefied natural gas, Japan",$/mmbtu,596,1977-01-01,2026-08-01,0,4387.88
"Logs, Cameroon",$/cubic meter,680,1970-01-01,2026-08-01,0,200927.0
"Logs, Malaysian",$/cubic meter,800,1960-01-01,2026-08-01,0,141760.1
Maize,$/mt,800,1960-01-01,2026-08-01,0,102785.4
Natural gas index,2010=100,596,1977-01-01,2026-08-01,0,44398.0
"Natural gas, Europe",$/mmbtu,800,1960-01-01,2026-08-01,0,4000.2
"Natural gas, US",$/mmbtu,800,1960-01-01,2026-08-01,0,1942.76
Nickel,$/mt,800,1960-01-01,2026-08-01,0,7551520.0
Orange,$/kg,800,1960-01-01,2026-08-01,0,435.39
Palm kernel oil,$/mt,368,1996-01-01,2026-08-01,0,360599.0
Palm oil,$/mt,800,1960-01-01,2026-08-01,0,439655.0
Phosphate rock,$/mt,800,1960-01-01,2026-08-01,0,52535.5
Platinum,$/troy oz,800,1960-01-01,2026-08-01,0,487591.0
Plywood,cents/sheet,572,1979-01-01,2026-08-01,0,252432.7
Potassium chloride **,$/mt,800,1960-01-01,2026-08-01,0,131446.3
Rapeseed oil,$/mt,295,2002-02-01,2026-08-01,0,295331.0
"Rice, Thai 25%",$/mt,484,1986-01-01,2026-08-01,0,158308.8
"Rice, Thai 5%",$/mt,800,1960-01-01,2026-08-01,0,247561.7
"Rice, Thai A.1",$/mt,488,1986-01-01,2026-08-01,0,147258.3
"Rice, Viet Namese 5%",$/mt,262,2003-12-01,2026-08-01,0,104010.163167
"Rubber, RSS3",$/kg,800,1960-01-01,2026-08-01,0,1021.34
"Rubber, TSR20 **",$/kg,332,1999-01-01,2026-08-01,0,574.09
"Sawnwood, Cameroon",$/cubic meter,428,1970-01-01,2026-08-01,0,259485.5
"Sawnwood, Malaysian",$/cubic meter,800,1960-01-01,2026-08-01,0,403466.7
"Shrimps, Mexican",$/kg,766,1960-01-01,2023-10-01,0,7327.24
Silver,$/troy oz,800,1960-01-01,2026-08-01,0,8413.4
Sorghum,$/mt,728,1960-01-01,2020-08-01,0,82496.7
Soybean meal,$/mt,800,1960-01-01,2026-08-01,0,206078.0
Soybean oil,$/mt,800,1960-01-01,2026-08-01,0,498872.0
Soybeans,$/mt,800,1960-01-01,2026-08-01,0,234975.0
"Sugar, EU",$/kg,800,1960-01-01,2026-08-01,0,322.19
"Sugar, US",$/kg,800,1960-01-01,2026-08-01,0,363.44
"Sugar, world",$/kg,800,1960-01-01,2026-08-01,0,200.41
Sunflower oil,$/mt,290,2002-02-01,2026-08-01,0,297668.0
TSP,$/mt,800,1960-01-01,2026-08-01,0,172716.8
"Tea, Colombo",$/kg,800,1960-01-01,2026-08-01,0,1513.24
"Tea, Kolkata",$/kg,800,1960-01-01,2026-08-01,0,1529.16
"Tea, Mombasa",$/kg,800,1960-01-01,2026-08-01,0,1360.52
"Tea, avg 3 auctions",$/kg,800,1960-01-01,2026-08-01,0,1467.59
Tin,$/mt,800,1960-01-01,2026-08-01,0,9287996.0
"Tobacco, US import u.v.",$/mt,798,1960-01-01,2026-06-01,0,2396003.0
Urea,$/mt,800,1960-01-01,2026-08-01,0,141952.9
"Wheat, US HRW",$/mt,800,1960-01-01,2026-08-01,0,132651.9
"Wheat, US SRW",$/mt,572,1979-01-01,2026-08-01,0,103536.8
Zinc,$/mt,800,1960-01-01,2026-08-01,0,1053977.0
