month,copper_usd_t,dollar_index,copper_indexed,dollar_indexed
2006-01-01,4734.0,100.0,100.0,100.0
2006-02-01,4982.0,100.21,105.24,100.21
2006-03-01,5103.0,100.43,107.79,100.43
2006-04-01,6388.0,99.74,134.94,99.74
2006-05-01,8046.0,97.51,169.96,97.51
2006-06-01,7198.0,98.69,152.05,98.69
2006-07-01,7712.0,98.44,162.91,98.44
2006-08-01,7696.0,97.71,162.57,97.71
2006-09-01,7602.0,97.98,160.58,97.98
2006-10-01,7500.0,98.32,158.43,98.32
2006-11-01,7029.0,97.51,148.48,97.51
2006-12-01,6675.0,96.8,141.0,96.8
2007-01-01,5670.0,97.83,119.77,97.83
2007-02-01,5676.0,97.48,119.9,97.48
2007-03-01,6452.0,97.01,136.29,97.01
2007-04-01,7766.0,95.63,164.05,95.63
2007-05-01,7681.0,94.72,162.25,94.72
2007-06-01,7474.0,94.44,157.88,94.44
2007-07-01,7973.0,93.21,168.42,93.21
2007-08-01,7514.0,93.76,158.72,93.76
2007-09-01,7649.0,92.44,161.58,92.44
2007-10-01,8008.0,90.4,169.16,90.4
2007-11-01,6967.0,89.05,147.17,89.05
2007-12-01,6588.0,90.0,139.16,90.0
2008-01-01,7061.0,89.4,149.16,89.4
2008-02-01,7888.0,88.64,166.62,88.64
2008-03-01,8439.0,86.84,178.26,86.84
2008-04-01,8685.0,86.55,183.46,86.55
2008-05-01,8383.0,86.82,177.08,86.82
2008-06-01,8261.0,87.07,174.5,87.07
2008-07-01,8414.0,86.45,177.74,86.45
2008-08-01,7635.0,88.94,161.28,88.94
2008-09-01,6991.0,91.27,147.68,91.27
2008-10-01,4926.0,98.04,104.06,98.04
2008-11-01,3717.0,100.77,78.52,100.77
2008-12-01,3072.0,99.66,64.89,99.66
2009-01-01,3221.0,100.35,68.04,100.35
2009-02-01,3315.0,102.97,70.03,102.97
2009-03-01,3750.0,103.44,79.21,103.44
2009-04-01,4407.0,100.72,93.09,100.72
2009-05-01,4569.0,97.55,96.51,97.55
2009-06-01,5014.0,96.04,105.91,96.04
2009-07-01,5216.0,95.66,110.18,95.66
2009-08-01,6165.0,94.37,130.23,94.37
2009-09-01,6196.0,93.66,130.88,93.66
2009-10-01,6288.0,92.26,132.83,92.26
2009-11-01,6676.0,91.8,141.02,91.8
2009-12-01,6982.0,92.26,147.49,92.26
2010-01-01,7386.0,92.44,156.02,92.44
2010-02-01,6848.0,93.89,144.66,93.89
2010-03-01,7463.0,93.15,157.65,93.15
2010-04-01,7745.0,92.64,163.6,92.64
2010-05-01,6838.0,95.53,144.44,95.53
2010-06-01,6499.0,96.06,137.28,96.06
2010-07-01,6735.0,94.45,142.27,94.45
2010-08-01,7284.0,93.68,153.87,93.68
2010-09-01,7709.0,92.76,162.84,92.76
2010-10-01,8292.0,90.23,175.16,90.23
2010-11-01,8470.0,90.51,178.92,90.51
2010-12-01,9147.0,91.18,193.22,91.18
2011-01-01,9556.0,90.11,201.86,90.11
2011-02-01,9868.0,89.4,208.45,89.4
2011-03-01,9503.0,88.49,200.74,88.49
2011-04-01,9493.0,86.92,200.53,86.92
2011-05-01,8960.0,86.95,189.27,86.95
2011-06-01,9067.0,86.94,191.53,86.94
2011-07-01,9650.0,86.32,203.84,86.32
2011-08-01,9001.0,86.9,190.14,86.9
2011-09-01,8300.0,89.73,175.33,89.73
2011-10-01,7394.0,90.61,156.19,90.61
2011-11-01,7581.0,91.26,160.14,91.26
2011-12-01,7565.0,92.21,159.8,92.21
2012-01-01,8040.0,91.65,169.84,91.65
2012-02-01,8441.0,89.96,178.31,89.96
2012-03-01,8471.0,90.51,178.94,90.51
2012-04-01,8289.0,90.82,175.1,90.82
2012-05-01,7956.0,92.49,168.06,92.49
2012-06-01,7423.0,93.88,156.8,93.88
2012-07-01,7584.0,93.41,160.2,93.41
2012-08-01,7516.0,92.53,158.77,92.53
2012-09-01,8088.0,90.98,170.85,90.98
2012-10-01,8062.0,90.76,170.3,90.76
2012-11-01,7711.0,91.48,162.89,91.48
2012-12-01,7966.0,90.88,168.27,90.88
2013-01-01,8047.0,90.83,169.98,90.83
2013-02-01,8061.0,91.55,170.28,91.55
2013-03-01,7646.0,92.41,161.51,92.41
2013-04-01,7234.0,92.05,152.81,92.05
2013-05-01,7249.0,92.53,153.13,92.53
2013-06-01,7000.0,93.28,147.87,93.28
2013-07-01,6907.0,93.87,145.9,93.87
2013-08-01,7193.0,93.71,151.94,93.71
2013-09-01,7159.0,93.47,151.23,93.47
2013-10-01,7203.0,92.5,152.15,92.5
2013-11-01,7071.0,93.37,149.37,93.37
2013-12-01,7215.0,93.53,152.41,93.53
2014-01-01,7291.0,94.46,154.01,94.46
2014-02-01,7149.0,94.65,151.01,94.65
2014-03-01,6650.0,94.44,140.47,94.44
2014-04-01,6674.0,94.0,140.98,94.0
2014-05-01,6891.0,93.67,145.56,93.67
2014-06-01,6821.0,93.83,144.09,93.83
2014-07-01,7113.0,93.6,150.25,93.6
2014-08-01,7002.0,94.58,147.91,94.58
2014-09-01,6872.0,96.12,145.16,96.12
2014-10-01,6737.0,97.44,142.31,97.44
2014-11-01,6713.0,99.11,141.8,99.11
2014-12-01,6446.0,101.44,136.16,101.44
2015-01-01,5831.0,103.76,123.17,103.76
2015-02-01,5729.0,105.17,121.02,105.17
2015-03-01,5940.0,107.36,125.48,107.36
2015-04-01,6042.0,106.35,127.63,106.35
2015-05-01,6295.0,105.41,132.97,105.41
2015-06-01,5833.0,106.18,123.22,106.18
2015-07-01,5457.0,108.12,115.27,108.12
2015-08-01,5127.0,109.98,108.3,109.98
2015-09-01,5217.0,110.85,110.2,110.85
2015-10-01,5216.0,109.9,110.18,109.9
2015-11-01,4800.0,111.69,101.39,111.69
2015-12-01,4639.0,112.79,97.99,112.79
2016-01-01,4472.0,115.23,94.47,115.23
2016-02-01,4599.0,114.28,97.15,114.28
2016-03-01,4954.0,111.89,104.65,111.89
2016-04-01,4873.0,110.02,102.94,110.02
2016-05-01,4695.0,111.14,99.18,111.14
2016-06-01,4642.0,111.56,98.06,111.56
2016-07-01,4865.0,112.48,102.77,112.48
2016-08-01,4752.0,111.44,100.38,111.44
2016-09-01,4722.0,112.32,99.75,112.32
2016-10-01,4731.0,113.47,99.94,113.47
2016-11-01,5451.0,116.11,115.15,116.11
2016-12-01,5660.0,117.9,119.56,117.9
2017-01-01,5755.0,117.79,121.57,117.79
2017-02-01,5941.0,116.12,125.5,116.12
2017-03-01,5825.0,115.66,123.05,115.66
2017-04-01,5684.0,114.77,120.07,114.77
2017-05-01,5600.0,114.26,118.29,114.26
2017-06-01,5720.0,112.76,120.83,112.76
2017-07-01,5985.0,111.06,126.43,111.06
2017-08-01,6486.0,109.91,137.01,109.91
2017-09-01,6577.0,108.85,138.93,108.85
2017-10-01,6808.0,110.89,143.81,110.89
2017-11-01,6827.0,111.16,144.21,111.16
2017-12-01,6834.0,110.88,144.36,110.88
2018-01-01,7066.0,108.36,149.26,108.36
2018-02-01,7007.0,107.65,148.01,107.65
2018-03-01,6799.0,107.95,143.62,107.95
2018-04-01,6852.0,107.94,144.74,107.94
2018-05-01,6825.0,111.05,144.17,111.05
2018-06-01,6966.0,112.84,147.15,112.84
2018-07-01,6251.0,113.06,132.04,113.06
2018-08-01,6051.0,113.83,127.82,113.83
2018-09-01,6051.0,114.08,127.82,114.08
2018-10-01,6220.0,114.83,131.39,114.83
2018-11-01,6196.0,116.17,130.88,116.17
2018-12-01,6075.0,116.21,128.33,116.21
2019-01-01,5939.0,114.44,125.45,114.44
2019-02-01,6300.0,114.41,133.08,114.41
2019-03-01,6439.0,114.78,136.02,114.78
2019-04-01,6438.0,114.9,135.99,114.9
2019-05-01,6018.0,115.96,127.12,115.96
2019-06-01,5882.0,115.43,124.25,115.43
2019-07-01,5941.0,115.08,125.5,115.08
2019-08-01,5709.0,117.1,120.6,117.1
2019-09-01,5759.0,117.32,121.65,117.32
2019-10-01,5757.0,116.75,121.61,116.75
2019-11-01,5860.0,116.56,123.79,116.56
2019-12-01,6077.0,115.91,128.37,115.91
2020-01-01,6031.0,115.28,127.4,115.28
2020-02-01,5688.0,116.71,120.15,116.71
2020-03-01,5183.0,121.02,109.48,121.02
2020-04-01,5058.0,123.28,106.84,123.28
2020-05-01,5240.0,122.62,110.69,122.62
2020-06-01,5755.0,119.68,121.57,119.68
2020-07-01,6372.0,118.69,134.6,118.69
2020-08-01,6499.0,116.95,137.28,116.95
2020-09-01,6705.0,116.34,141.63,116.34
2020-10-01,6714.0,115.78,141.83,115.78
2020-11-01,7069.0,114.1,149.32,114.1
2020-12-01,7772.0,111.9,164.17,111.9
2021-01-01,7972.0,111.49,168.4,111.49
2021-02-01,8471.0,112.02,178.94,112.02
2021-03-01,8988.0,113.34,189.86,113.34
2021-04-01,9325.0,112.63,196.98,112.63
2021-05-01,10162.0,111.21,214.66,111.21
2021-06-01,9632.0,111.58,203.46,111.58
2021-07-01,9451.0,113.06,199.64,113.06
2021-08-01,9370.0,113.4,197.93,113.4
2021-09-01,9325.0,113.44,196.98,113.44
2021-10-01,9829.0,114.06,207.63,114.06
2021-11-01,9729.0,114.99,205.51,114.99
2021-12-01,9551.0,115.8,201.75,115.8
2022-01-01,9782.0,115.04,206.63,115.04
2022-02-01,9943.0,115.0,210.03,115.0
2022-03-01,10231.0,116.29,216.12,116.29
2022-04-01,10161.0,117.17,214.64,117.17
2022-05-01,9377.0,119.7,198.08,119.7
2022-06-01,9024.0,120.03,190.62,120.03
2022-07-01,7545.0,122.75,159.38,122.75
2022-08-01,7982.0,122.32,168.61,122.32
2022-09-01,7746.0,125.59,163.62,125.59
2022-10-01,7651.0,127.48,161.62,127.48
2022-11-01,8050.0,124.85,170.05,124.85
2022-12-01,8375.0,122.23,176.91,122.23
2023-01-01,9038.0,119.81,190.92,119.81
2023-02-01,8937.0,120.31,188.78,120.31
2023-03-01,8856.0,120.75,187.07,120.75
2023-04-01,8809.0,119.25,186.08,119.25
2023-05-01,8217.0,119.63,173.57,119.63
2023-06-01,8397.0,119.3,177.38,119.3
2023-07-01,8477.0,118.05,179.07,118.05
2023-08-01,8349.0,119.86,176.36,119.86
2023-09-01,8277.0,121.65,174.84,121.65
2023-10-01,7937.0,123.5,167.66,123.5
2023-11-01,8190.0,121.22,173.0,121.22
2023-12-01,8400.0,119.83,177.44,119.83
2024-01-01,8339.0,120.23,176.15,120.23
2024-02-01,8305.0,121.07,175.43,121.07
2024-03-01,8689.0,120.66,183.54,120.66
2024-04-01,9464.0,122.14,199.92,122.14
2024-05-01,10139.0,121.86,214.17,121.86
2024-06-01,9648.0,123.71,203.8,123.71
2024-07-01,9385.0,123.38,198.25,123.38
2024-08-01,8972.0,122.61,189.52,122.61
2024-09-01,9237.0,121.88,195.12,121.88
2024-10-01,9534.0,123.6,201.39,123.6
2024-11-01,9076.0,126.31,191.72,126.31
2024-12-01,8916.0,127.58,188.34,127.58
2025-01-01,8991.0,128.84,189.92,128.84
2025-02-01,9331.0,127.88,197.11,127.88
2025-03-01,9740.0,126.24,205.75,126.24
2025-04-01,9177.0,124.14,193.85,124.14
2025-05-01,9533.0,122.34,201.37,122.34
2025-06-01,9835.0,120.59,207.75,120.59
2025-07-01,9771.0,120.11,206.4,120.11
2025-08-01,9670.0,120.58,204.27,120.58
2025-09-01,9984.0,120.03,210.9,120.03
2025-10-01,10740.0,120.76,226.87,120.76
2025-11-01,10812.0,121.42,228.39,121.42
2025-12-01,11785.0,120.19,248.94,120.19
2026-01-01,13012.0,119.23,274.86,119.23
2026-02-01,12951.0,117.91,273.57,117.91
2026-03-01,12529.0,119.92,264.66,119.92
2026-04-01,12951.0,119.04,273.57,119.04
2026-05-01,13543.0,118.78,286.08,118.78
2026-06-01,13552.0,120.08,286.27,120.08
2026-07-01,13543.0,120.6,286.08,120.6
2026-08-01,14326.0,118.85,302.62,118.85
