rule_id,rule_type,threshold,label,horizon_m,months_on,months_off,share_on_pct,episodes,avg_ratio_change_all_pct,avg_ratio_change_on_pct,avg_ratio_change_off_pct,falling_share_on_pct,falling_share_off_pct,avg_copper_change_on_pct,avg_aluminium_change_on_pct,diff_logpts,diff_ci_low,diff_ci_high,p_hac,p_holm,episode_avg_change_pct,episodes_falling,episodes_falling_ci_low_pct,episodes_falling_ci_high_pct
1,fixed_ratio,2.0,ratio at or above 2.0,6,281,393,41.69139465875371,5,0.34138669741419214,-1.011944290963962,1.320365168411164,46.263345195729535,44.274809160305345,1.3341422092166377,2.3700702911840787,-2.3288235784652342,-7.375921400086784,2.7182742431563147,0.36580276040912296,1.0,-3.5058350768084945,3,23.07242812760129,88.23792257673522
2,fixed_ratio,2.5,ratio at or above 2.5,6,251,423,37.24035608308605,3,0.34138669741419214,-2.4922046363661132,2.061560713238131,47.410358565737056,43.73522458628842,-0.806339245999399,1.7289544739265805,-4.564384037841631,-9.446978264360904,0.3182101886776423,0.06691738353287581,1.0,-2.5497901550932567,2,20.76596008020477,93.85080552796038
3,fixed_ratio,3.0,ratio at or above 3.0,6,209,465,31.008902077151333,4,0.34138669741419214,-2.26944797310511,1.5374678758314886,47.368421052631575,44.086021505376344,0.9912779615345757,3.336444813841166,-3.8213649175183413,-8.626358081008032,0.9836282459713491,0.11905780385151425,1.0,-9.91503947792035,2,15.003898915214947,84.99610108478505
4,fixed_ratio,3.5,ratio at or above 3.5,6,106,568,15.727002967359049,4,0.34138669741419214,-4.204512813068673,1.213325775795715,53.77358490566038,43.485915492957744,1.0135734232536553,5.447110703805902,-5.501484855203614,-11.445996290299865,0.44302657989263583,0.0696940841475246,1.0,1.3263449408005945,1,4.55872608097006,69.93581574175982
5,fixed_ratio,4.0,ratio at or above 4.0,6,18,656,2.6706231454005933,4,0.34138669741419214,-11.087005668599371,0.674864830706623,77.77777777777779,44.207317073170735,-3.3856163950121365,8.66171399523703,-12.423786431081012,-22.205990146527093,-2.641582715634931,0.012801941668349415,0.4224640750555307,-22.93063952672849,3,30.064184258240186,95.44127391902994
6,pctile_all_past,50.0,ratio at or above its 50th percentile of all earlier months,6,401,273,59.495548961424326,8,0.34138669741419214,-0.7498598982837557,1.9660726066178524,45.6359102244389,44.32234432234432,1.1124733474625836,1.876403644204161,-2.699680527922498,-7.364324507417336,1.9649634515723398,0.25665336310165754,1.0,-14.838128720807953,4,21.521606221387753,78.47839377861226
7,pctile_all_past,60.0,ratio at or above its 60th percentile of all earlier months,6,351,323,52.07715133531158,8,0.34138669741419214,-0.8299800819044245,1.6299883564906636,46.72364672364672,43.343653250774,0.9668740570788481,1.8118924857202678,-2.4502902536019997,-7.114828971523066,2.2142484643190663,0.30321074416594096,1.0,-10.397837930095456,4,21.521606221387753,78.47839377861226
8,pctile_all_past,70.0,ratio at or above its 70th percentile of all earlier months,6,304,370,45.103857566765576,5,0.34138669741419214,-0.40939209667840704,0.9624764027353905,45.723684210526315,44.5945945945946,1.6065356322393365,2.024214703935434,-1.3681065060545896,-6.132425064379949,3.39621205227077,0.5735595029108063,1.0,4.7797215120936265,3,23.07242812760129,88.23792257673522
9,pctile_all_past,80.0,ratio at or above its 80th percentile of all earlier months,6,267,407,39.61424332344214,4,0.34138669741419214,-0.702325934636594,1.032034566957707,45.69288389513109,44.717444717444714,2.0366192434114527,2.75831755761482,-1.73154930152519,-6.382171391181587,2.9190727881312086,0.4655452735438498,1.0,-4.860670767449071,2,15.003898915214947,84.99610108478505
10,pctile_all_past,90.0,ratio at or above its 90th percentile of all earlier months,6,177,497,26.26112759643917,5,0.34138669741419214,-4.016078072193752,1.940553871551165,52.54237288135594,42.45472837022133,-1.0939963388173823,3.044345005587701,-6.020914068362259,-11.170887585896965,-0.870940550827555,0.02193888249672946,0.7020442398953427,1.4958294795085703,2,11.762077423264788,76.92757187239872
11,pctile_all_past,95.0,ratio at or above its 95th percentile of all earlier months,6,104,570,15.43026706231454,8,0.34138669741419214,-4.676723739982391,1.2850691716951745,51.92307692307693,43.859649122807014,0.6331221116625096,5.5703560137410735,-6.0664985395850355,-12.77466749824418,0.6416704190741098,0.07631433544644221,1.0,1.8198143143383971,5,30.57423946026273,86.31557141764027
12,pctile_past_10y,50.0,ratio at or above its 50th percentile of the previous 10 years,6,359,315,53.26409495548962,11,0.34138669741419214,-1.3465001849100822,2.300280777281327,47.910863509749305,41.904761904761905,1.1909805659651385,2.5721142743352354,-3.6298708668807045,-8.113153550344766,0.8534118165833576,0.11254060644131061,1.0,-2.8199697352146336,5,21.27127162245977,71.9908462590678
13,pctile_past_10y,60.0,ratio at or above its 60th percentile of the previous 10 years,6,323,351,47.92284866468843,12,0.34138669741419214,-1.6467086415869026,2.206374715228332,48.91640866873065,41.5954415954416,1.0881996359260127,2.7806982763256327,-3.8428040684331033,-8.422372514752352,0.7367643778861461,0.10004334633297655,1.0,-2.456021261471586,6,25.3781597633706,74.6218402366294
14,pctile_past_10y,70.0,ratio at or above its 70th percentile of the previous 10 years,6,265,409,39.317507418397625,11,0.34138669741419214,-1.7264620917192608,1.7043629454192688,48.679245283018865,42.78728606356968,1.0225631509039879,2.797319910461482,-3.4315408643709038,-8.122907637402271,1.2598259086604633,0.15167712552560386,1.0,-6.798177852431042,5,21.27127162245977,71.9908462590678
15,pctile_past_10y,80.0,ratio at or above its 80th percentile of the previous 10 years,6,224,450,33.23442136498516,10,0.34138669741419214,-2.0704121299446765,1.5639783203894808,48.214285714285715,43.55555555555555,-0.16606618848522547,1.9446073274467013,-3.644019887787188,-8.755052370968793,1.4670125953944166,0.1622938514976633,1.0,-8.743673549818665,8,49.01624715366418,94.33178485456247
16,pctile_past_10y,90.0,ratio at or above its 90th percentile of the previous 10 years,6,173,501,25.667655786350146,9,0.34138669741419214,-2.9710473634846135,1.511274269196794,49.71098265895954,43.51297405189621,0.9458474453489574,4.036830968903504,-4.5160454101437715,-10.253305489474457,1.221214669186914,0.12288601446128167,1.0,-6.619390097111955,5,26.665129349549304,81.12214789023355
17,pctile_past_10y,95.0,ratio at or above its 95th percentile of the previous 10 years,6,131,543,19.43620178041543,9,0.34138669741419214,-3.3751139883552383,1.2591995929620126,51.14503816793893,43.646408839779006,2.289844083837256,5.862835451634862,-4.684723482799758,-10.619804239745182,1.2503572741456663,0.1218502704325105,1.0,-6.683954665024128,5,26.665129349549304,81.12214789023355
1,fixed_ratio,2.0,ratio at or above 2.0,12,275,393,41.16766467065868,4,1.0018952072090137,-1.5139000405562597,2.8004329751983192,45.09090909090909,43.25699745547074,1.8534001010404255,3.4190613121885427,-4.287414377611849,-13.069427568419773,4.494598813196073,0.3386367374868209,1.0,7.236034818983228,2,15.003898915214947,84.99610108478505
2,fixed_ratio,2.5,ratio at or above 2.5,12,245,423,36.67664670658682,3,1.0018952072090137,-3.6192358522189827,3.779096694609829,46.53061224489796,42.5531914893617,-1.4809456417399836,2.2185860730470575,-7.395793019069419,-16.199901278517952,1.4083152403791168,0.09967198948715743,1.0,-3.4712918613754806,2,20.76596008020477,93.85080552796038
3,fixed_ratio,3.0,ratio at or above 3.0,12,203,465,30.389221556886227,3,1.0018952072090137,-4.157641410423841,3.340571964070582,48.76847290640394,41.935483870967744,0.29552273592017286,4.646342402124848,-7.532531390096528,-17.368512641866708,2.303449861673651,0.13336391395146288,1.0,-6.702452551762761,2,20.76596008020477,93.85080552796038
4,fixed_ratio,3.5,ratio at or above 3.5,12,100,568,14.97005988023952,3,1.0018952072090137,-7.4577071907916075,2.5693903918833083,60.0,41.19718309859155,-0.9371924926796837,7.045983517563226,-10.28737893798859,-19.837688020288,-0.7370698556891819,0.03475260885671984,1.0,-20.559353770153454,1,6.1491944720396265,79.23403991979524
5,fixed_ratio,4.0,ratio at or above 4.0,12,15,653,2.245508982035928,3,1.0018952072090137,-20.349230866434898,1.5543969610587904,100.0,42.725880551301685,-10.749433932579533,12.052359366119392,-24.294289284730603,-38.4425935559705,-10.145985013490707,0.0007640870813358678,0.025978960765419508,-35.73317856124921,3,43.850296824495445,100.0
6,pctile_all_past,50.0,ratio at or above its 50th percentile of all earlier months,12,395,273,59.13173652694611,7,1.0018952072090137,-0.5800578598242345,3.335465686401351,45.56962025316456,41.75824175824176,2.6703829615425168,3.269405263567582,-3.86279255803538,-11.740599648336167,4.015014532265407,0.3365290839325966,1.0,-8.327120070021953,4,25.04583645276572,84.17801447485303
7,pctile_all_past,60.0,ratio at or above its 60th percentile of all earlier months,12,345,323,51.646706586826355,6,1.0018952072090137,-0.9882487329296086,3.1717925491119514,45.79710144927536,42.10526315789473,1.7273212817267236,2.742674460258221,-4.115694491635269,-12.651141397402938,4.419752414132399,0.3446220534405361,1.0,-4.525572622419293,3,18.761630648265054,81.23836935173495
8,pctile_all_past,70.0,ratio at or above its 70th percentile of all earlier months,12,298,370,44.61077844311377,5,1.0018952072090137,-1.1480046246203912,2.767383132404899,44.966442953020135,43.24324324324324,2.5436366520727782,3.734513666289252,-3.8844282666948478,-12.478157803205752,4.7093012698160575,0.37566172708252366,1.0,-5.081506440476424,4,37.55346297625252,96.37758913675698
9,pctile_all_past,80.0,ratio at or above its 80th percentile of all earlier months,12,261,407,39.07185628742515,4,1.0018952072090137,-1.7163675583798277,2.7844906801288705,44.44444444444444,43.73464373464373,2.1049294589701173,3.8880299012348463,-4.477696566845534,-12.889217324475899,3.93382419078483,0.2967882129708611,1.0,5.172182990063701,2,15.003898915214947,84.99610108478505
10,pctile_all_past,90.0,ratio at or above its 90th percentile of all earlier months,12,171,497,25.59880239520958,4,1.0018952072090137,-6.874293479574877,3.8630838778771492,54.385964912280706,40.44265593561368,-3.8486549682233084,3.2489831480504883,-10.91232671506607,-21.025752751547515,-0.798900678584627,0.034447890854279975,1.0,-0.28496171281992,2,15.003898915214947,84.99610108478505
11,pctile_all_past,95.0,ratio at or above its 95th percentile of all earlier months,12,101,567,15.119760479041917,4,1.0018952072090137,-9.569105234215503,3.0106313387640027,56.43564356435643,41.7989417989418,-2.8794575684306323,7.397524577315107,-13.0246234512903,-27.750704137575934,1.7014572349953379,0.08300524560531151,1.0,1.7799926019136825,2,15.003898915214947,84.99610108478505
12,pctile_past_10y,50.0,ratio at or above its 50th percentile of the previous 10 years,12,353,315,52.84431137724551,8,1.0018952072090137,-2.5473456867587507,5.133116754707268,49.57507082152974,37.77777777777778,1.9853819820250918,4.651210067828759,-7.586066254481567,-15.382096090457154,0.2099635814940201,0.05649754048632932,1.0,-0.6435458738935362,5,30.57423946026273,86.31557141764027
13,pctile_past_10y,60.0,ratio at or above its 60th percentile of the previous 10 years,12,317,351,47.455089820359284,8,1.0018952072090137,-2.7851950101173584,4.548772711368954,49.8422712933754,38.74643874643874,1.9480273132546966,4.868828697300431,-7.273067245515397,-15.239326868549258,0.6931923775184645,0.07354789639057646,1.0,-2.729082840394048,6,40.92754303101688,92.8520787247891
14,pctile_past_10y,70.0,ratio at or above its 70th percentile of the previous 10 years,12,259,409,38.772455089820355,8,1.0018952072090137,-2.9116373150885666,3.5613277822293954,49.034749034749034,40.831295843520785,0.5612488002180172,3.5770364431599644,-6.45424568325002,-14.950085517262618,2.041594150762575,0.13649407700117783,1.0,-7.72876114143255,5,30.57423946026273,86.31557141764027
15,pctile_past_10y,80.0,ratio at or above its 80th percentile of the previous 10 years,12,219,449,32.78443113772455,8,1.0018952072090137,-3.0880653130797686,3.058958089124575,47.03196347031963,42.53897550111358,-1.1629133876277287,1.9864962263640207,-6.149855680234836,-15.381695037665475,3.0819836771958014,0.19167365079830379,1.0,-7.818428131899758,5,30.57423946026273,86.31557141764027
16,pctile_past_10y,90.0,ratio at or above its 90th percentile of the previous 10 years,12,170,498,25.449101796407188,7,1.0018952072090137,-5.001777382796579,3.137034057964039,48.23529411764706,42.570281124497996,-1.492836559658861,3.6936910254384836,-8.220034960912665,-19.689011118537636,3.248941196712306,0.16009749371863047,1.0,-8.529228277772505,4,25.04583645276572,84.17801447485303
17,pctile_past_10y,95.0,ratio at or above its 95th percentile of the previous 10 years,12,128,540,19.16167664670659,6,1.0018952072090137,-4.663952054345666,2.3935511621048233,47.65625,43.148148148148145,2.1525265315428754,7.149948768354886,-7.141573698895211,-20.347822225958396,6.0646748281679725,0.28919269928086544,1.0,-9.7018520005547,5,43.64971778135296,96.99466302516933
