month,nominal_usd_t,real_usd_t_aug2026
1960-01-01,715.0,8134.3
1960-02-01,728.0,8270.9
1960-03-01,685.0,7782.4
1960-04-01,723.0,8178.0
1960-05-01,685.0,7740.3
1960-06-01,692.0,7808.8
1960-07-01,702.0,7937.7
1960-08-01,676.0,7628.3
1960-09-01,647.0,7301.0
1960-10-01,613.0,6884.8
1960-11-01,642.0,7203.2
1960-12-01,637.0,7139.9
1961-01-01,607.0,6796.8
1961-02-01,617.0,6908.8
1961-03-01,621.0,6953.6
1961-04-01,632.0,7083.9
1961-05-01,668.0,7479.9
1961-06-01,652.0,7300.7
1961-07-01,633.0,7069.0
1961-08-01,636.0,7097.8
1961-09-01,633.0,7054.9
1961-10-01,630.0,7021.4
1961-11-01,632.0,7043.7
1961-12-01,635.0,7070.1
1962-01-01,635.0,7063.0
1962-02-01,648.0,7190.9
1962-03-01,648.0,7176.6
1962-04-01,646.0,7144.9
1962-05-01,646.0,7137.9
1962-06-01,646.0,7144.9
1962-07-01,646.0,7142.6
1962-08-01,646.0,7128.4
1962-09-01,646.0,7095.6
1962-10-01,646.0,7105.0
1962-11-01,646.0,7105.0
1962-12-01,646.0,7105.0
1963-01-01,646.0,7091.0
1963-02-01,646.0,7081.6
1963-03-01,646.0,7074.7
1963-04-01,646.0,7081.6
1963-05-01,646.0,7074.7
1963-06-01,646.0,7051.6
1963-07-01,646.0,7033.2
1963-08-01,646.0,7019.5
1963-09-01,646.0,7026.3
1963-10-01,646.0,7019.5
1963-11-01,646.0,7012.6
1963-12-01,650.0,7033.2
1964-01-01,656.0,7084.4
1964-02-01,694.0,7502.0
1964-03-01,745.0,8045.5
1964-04-01,862.0,9306.0
1964-05-01,828.0,8930.3
1964-06-01,808.0,8706.2
1964-07-01,855.0,9209.6
1964-08-01,999.0,10750.3
1964-09-01,1162.0,12492.3
1964-10-01,1358.0,14580.7
1964-11-01,1400.0,14988.3
1964-12-01,1269.0,13568.4
1965-01-01,1001.0,10692.6
1965-02-01,1180.0,12604.7
1965-03-01,1237.0,13200.9
1965-04-01,1348.0,14353.4
1965-05-01,1379.0,14636.8
1965-06-01,1309.0,13836.7
1965-07-01,1134.0,11998.2
1965-08-01,1210.0,12814.5
1965-09-01,1328.0,14033.1
1965-10-01,1402.0,14801.0
1965-11-01,1469.0,15459.5
1965-12-01,1518.0,15925.0
1966-01-01,1679.0,17597.4
1966-02-01,1874.0,19518.7
1966-03-01,1875.0,19468.5
1966-04-01,1907.0,19739.4
1966-05-01,1664.0,17186.8
1966-06-01,1696.0,17501.1
1966-07-01,1568.0,16145.4
1966-08-01,1195.0,12229.3
1966-09-01,1128.0,11508.4
1966-10-01,1275.0,12968.6
1966-11-01,1302.0,13231.1
1966-12-01,1215.0,12332.0
1967-01-01,1244.0,12634.0
1967-02-01,1220.0,12352.7
1967-03-01,1098.0,11117.4
1967-04-01,995.0,10044.1
1967-05-01,1036.0,10458.0
1967-06-01,1015.0,10184.5
1967-07-01,997.0,9973.9
1967-08-01,1045.0,10422.9
1967-09-01,1060.0,10541.0
1967-10-01,1138.0,11283.1
1967-11-01,1444.0,14232.6
1967-12-01,1324.0,13011.5
1968-01-01,1409.0,13806.2
1968-02-01,1720.0,16804.2
1968-03-01,1701.0,16570.2
1968-04-01,1255.0,12190.0
1968-05-01,1097.0,10624.4
1968-06-01,1137.0,10948.3
1968-07-01,1054.0,10090.9
1968-08-01,1056.0,10081.2
1968-09-01,1110.0,10566.5
1968-10-01,1080.0,10222.7
1968-11-01,1100.0,10382.6
1968-12-01,1185.0,11122.1
1969-01-01,1256.0,11755.4
1969-02-01,1285.0,11993.2
1969-03-01,1278.0,11828.8
1969-04-01,1388.0,12776.1
1969-05-01,1392.0,12777.8
1969-06-01,1483.0,13538.7
1969-07-01,1454.0,13201.8
1969-08-01,1607.0,14551.5
1969-09-01,1579.0,14220.8
1969-10-01,1554.0,13920.6
1969-11-01,1631.0,14532.5
1969-12-01,1700.0,15066.9
1970-01-01,1626.0,14335.0
1970-02-01,1657.0,14531.6
1970-03-01,1754.0,15302.0
1970-04-01,1742.0,15118.3
1970-05-01,1598.0,13832.7
1970-06-01,1458.0,12555.7
1970-07-01,1367.0,11741.8
1970-08-01,1267.0,10855.0
1970-09-01,1247.0,10629.1
1970-10-01,1142.0,9684.7
1970-11-01,1085.0,9154.9
1970-12-01,1046.0,8781.4
1971-01-01,1010.0,8458.0
1971-02-01,1020.0,8541.7
1971-03-01,1144.0,9556.1
1971-04-01,1252.0,10432.2
1971-05-01,1114.0,9236.3
1971-06-01,1074.0,8860.7
1971-07-01,1115.0,9176.3
1971-08-01,1098.0,9014.1
1971-09-01,1056.0,8648.1
1971-10-01,1041.0,8504.4
1971-11-01,1014.0,8263.6
1971-12-01,1038.0,8438.6
1972-01-01,1078.0,8742.6
1972-02-01,1112.0,8974.7
1972-03-01,1108.0,8942.4
1972-04-01,1133.0,9122.2
1972-05-01,1106.0,8883.4
1972-06-01,1063.0,8517.5
1972-07-01,1035.0,8273.3
1972-08-01,1047.0,8349.3
1972-09-01,1061.0,8420.7
1972-10-01,918.0,7268.5
1972-11-01,1007.0,7935.6
1972-12-01,1024.0,8050.6
1973-01-01,1119.0,8756.3
1973-02-01,1244.0,9666.5
1973-03-01,1510.0,11625.3
1973-04-01,1588.0,12141.9
1973-05-01,1552.0,11812.6
1973-06-01,1749.0,13221.6
1973-07-01,2021.0,15277.8
1973-08-01,2123.0,15763.6
1973-09-01,1936.0,14311.5
1973-10-01,2065.0,15131.2
1973-11-01,2273.0,16546.4
1973-12-01,2244.0,16194.2
1974-01-01,2032.0,14507.6
1974-02-01,2292.0,16190.9
1974-03-01,2743.0,19174.1
1974-04-01,3032.0,21062.1
1974-05-01,2876.0,19772.9
1974-06-01,2440.0,16638.4
1974-07-01,1919.0,13006.0
1974-08-01,1803.0,12072.9
1974-09-01,1461.0,9647.5
1974-10-01,1399.0,9165.7
1974-11-01,1417.0,9193.5
1974-12-01,1289.0,8298.6
1975-01-01,1211.0,7736.8
1975-02-01,1267.0,8048.4
1975-03-01,1344.0,8505.2
1975-04-01,1329.0,8378.5
1975-05-01,1254.0,7890.8
1975-06-01,1193.0,7450.8
1975-07-01,1222.0,7561.3
1975-08-01,1277.0,7872.4
1975-09-01,1210.0,7404.7
1975-10-01,1179.0,7175.6
1975-11-01,1180.0,7129.7
1975-12-01,1151.0,6917.0
1976-01-01,1193.0,7143.7
1976-02-01,1219.0,7286.3
1976-03-01,1329.0,7929.6
1976-04-01,1510.0,8993.5
1976-05-01,1512.0,8957.6
1976-06-01,1550.0,9134.1
1976-07-01,1647.0,9654.6
1976-08-01,1539.0,8974.3
1976-09-01,1459.0,8463.5
1976-10-01,1285.0,7415.5
1976-11-01,1279.0,7355.5
1976-12-01,1287.0,7363.5
1977-01-01,1396.0,7946.3
1977-02-01,1426.0,8034.9
1977-03-01,1515.0,8493.4
1977-04-01,1429.0,7957.9
1977-05-01,1371.0,7609.5
1977-06-01,1312.0,7245.9
1977-07-01,1248.0,6858.5
1977-08-01,1160.0,6343.6
1977-09-01,1195.0,6513.6
1977-10-01,1210.0,6563.3
1977-11-01,1182.0,6370.0
1977-12-01,1261.0,6763.1
1978-01-01,1261.0,6719.9
1978-02-01,1217.0,6454.6
1978-03-01,1254.0,6608.8
1978-04-01,1285.0,6719.2
1978-05-01,1303.0,6750.0
1978-06-01,1333.0,6852.3
1978-07-01,1337.0,6820.4
1978-08-01,1426.0,7230.2
1978-09-01,1442.0,7245.4
1978-10-01,1506.0,7499.3
1978-11-01,1481.0,7331.1
1978-12-01,1533.0,7543.8
1979-01-01,1659.0,8092.3
1979-02-01,1944.0,9386.6
1979-03-01,2050.0,9799.3
1979-04-01,2100.0,9938.7
1979-05-01,1926.0,9013.1
1979-06-01,1878.0,8691.1
1979-07-01,1814.0,8302.9
1979-08-01,1976.0,8958.5
1979-09-01,2096.0,9413.2
1979-10-01,2076.0,9224.1
1979-11-01,2090.0,9188.6
1979-12-01,2214.0,9619.8
1980-01-01,2601.0,11142.0
1980-02-01,2918.0,12341.7
1980-03-01,2306.0,9619.3
1980-04-01,2070.0,8549.5
1980-05-01,2037.0,8330.8
1980-06-01,2006.0,8124.4
1980-07-01,2176.0,8802.3
1980-08-01,2082.0,8361.3
1980-09-01,2060.0,8203.9
1980-10-01,2040.0,8047.5
1980-11-01,2010.0,7845.8
1980-12-01,1879.0,7266.6
1981-01-01,1869.0,7161.6
1981-02-01,1801.0,6838.3
1981-03-01,1818.0,6856.1
1981-04-01,1821.0,6828.9
1981-05-01,1742.0,6488.9
1981-06-01,1700.0,6276.5
1981-07-01,1682.0,6142.2
1981-08-01,1787.0,6476.1
1981-09-01,1710.0,6137.1
1981-10-01,1666.0,5960.0
1981-11-01,1651.0,5881.1
1981-12-01,1655.0,5876.6
1982-01-01,1611.0,5702.2
1982-02-01,1598.0,5638.2
1982-03-01,1510.0,5327.7
1982-04-01,1522.0,5353.1
1982-05-01,1528.0,5323.8
1982-06-01,1300.0,4478.0
1982-07-01,1441.0,4938.3
1982-08-01,1452.0,4965.8
1982-09-01,1427.0,4880.3
1982-10-01,1461.0,4976.2
1982-11-01,1444.0,4923.3
1982-12-01,1473.0,5037.6
1983-01-01,1572.0,5365.2
1983-02-01,1647.0,5615.4
1983-03-01,1598.0,5442.8
1983-04-01,1675.0,5664.7
1983-05-01,1766.0,5948.3
1983-06-01,1701.0,5717.9
1983-07-01,1704.0,5705.0
1983-08-01,1640.0,5474.3
1983-09-01,1561.0,5195.0
1983-10-01,1435.0,4756.7
1983-11-01,1389.0,4590.6
1983-12-01,1415.0,4662.7
1984-01-01,1376.0,4503.1
1984-02-01,1430.0,4657.0
1984-03-01,1501.0,4874.0
1984-04-01,1533.0,4958.6
1984-05-01,1421.0,4587.4
1984-06-01,1367.0,4404.6
1984-07-01,1331.0,4272.1
1984-08-01,1338.0,4282.3
1984-09-01,1294.0,4129.6
1984-10-01,1273.0,4047.1
1984-11-01,1345.0,4267.9
1984-12-01,1321.0,4183.8
1985-01-01,1359.0,4296.0
1985-02-01,1389.0,4366.0
1985-03-01,1390.0,4348.7
1985-04-01,1502.0,4690.3
1985-05-01,1531.0,4772.0
1985-06-01,1432.0,4450.9
1985-07-01,1475.0,4576.1
1985-08-01,1420.0,4397.3
1985-09-01,1366.0,4222.2
1985-10-01,1385.0,4265.2
1985-11-01,1370.0,4199.6
1985-12-01,1391.0,4244.5
1986-01-01,1418.0,4311.2
1986-02-01,1406.0,4282.5
1986-03-01,1445.0,4425.5
1986-04-01,1435.0,4411.0
1986-05-01,1419.0,4349.8
1986-06-01,1413.0,4315.6
1986-07-01,1344.0,4101.1
1986-08-01,1303.0,3972.4
1986-09-01,1347.0,4091.6
1986-10-01,1317.0,3993.2
1986-11-01,1303.0,3943.6
1986-12-01,1336.0,4028.9
1987-01-01,1346.0,4037.2
1987-02-01,1380.0,4124.3
1987-03-01,1466.0,4365.7
1987-04-01,1484.0,4399.7
1987-05-01,1520.0,4494.5
1987-06-01,1572.0,4627.8
1987-07-01,1695.0,4976.7
1987-08-01,1756.0,5133.3
1987-09-01,1811.0,5275.6
1987-10-01,1967.0,5715.1
1987-11-01,2524.0,7308.0
1987-12-01,2869.0,8292.6
1988-01-01,2663.0,7670.6
1988-02-01,2330.0,6699.9
1988-03-01,2359.0,6765.8
1988-04-01,2286.0,6517.3
1988-05-01,2448.0,6961.3
1988-06-01,2540.0,7192.3
1988-07-01,2214.0,6242.8
1988-08-01,2201.0,6180.0
1988-09-01,2436.0,6811.2
1988-10-01,2940.0,8193.0
1988-11-01,3305.0,9179.6
1988-12-01,3499.0,9686.2
1989-01-01,3394.0,9356.8
1989-02-01,3097.0,8509.9
1989-03-01,3264.0,8924.7
1989-04-01,3118.0,8463.2
1989-05-01,2739.0,7398.4
1989-06-01,2546.0,6854.9
1989-07-01,2505.0,6722.9
1989-08-01,2762.0,7412.6
1989-09-01,2884.0,7721.4
1989-10-01,2861.0,7623.2
1989-11-01,2591.0,6876.4
1989-12-01,2419.0,6399.5
1990-01-01,2367.0,6203.0
1990-02-01,2360.0,6160.5
1990-03-01,2626.0,6822.9
1990-04-01,2686.0,6962.6
1990-05-01,2742.0,7096.7
1990-06-01,2585.0,6649.2
1990-07-01,2769.0,7089.7
1990-08-01,2957.0,7507.8
1990-09-01,3031.0,7643.4
1990-10-01,2744.0,6873.0
1990-11-01,2586.0,6462.7
1990-12-01,2485.0,6187.2
1991-01-01,2449.0,6074.9
1991-02-01,2449.0,6070.4
1991-03-01,2410.0,5973.7
1991-04-01,2472.0,6113.8
1991-05-01,2306.0,5682.2
1991-06-01,2219.0,5451.7
1991-07-01,2236.0,5485.4
1991-08-01,2233.0,5462.0
1991-09-01,2325.0,5670.5
1991-10-01,2364.0,5757.2
1991-11-01,2380.0,5770.9
1991-12-01,2223.0,5374.6
1992-01-01,2139.0,5167.8
1992-02-01,2206.0,5318.1
1992-03-01,2227.0,5349.5
1992-04-01,2215.0,5309.2
1992-05-01,2217.0,5302.6
1992-06-01,2299.0,5483.0
1992-07-01,2520.0,5993.0
1992-08-01,2522.0,5984.9
1992-09-01,2414.0,5716.5
1992-10-01,2249.0,5303.2
1992-11-01,2158.0,5074.3
1992-12-01,2207.0,5182.2
1993-01-01,2257.0,5281.0
1993-02-01,2213.0,5167.2
1993-03-01,2153.0,5020.1
1993-04-01,1950.0,4531.0
1993-05-01,1795.0,4159.3
1993-06-01,1853.0,4290.7
1993-07-01,1927.0,4455.9
1993-08-01,1947.0,4492.8
1993-09-01,1862.0,4290.7
1993-10-01,1646.0,3777.3
1993-11-01,1630.0,3730.4
1993-12-01,1724.0,3937.4
1994-01-01,1805.0,4122.4
1994-02-01,1866.0,4250.1
1994-03-01,1915.0,4349.8
1994-04-01,1882.0,4272.0
1994-05-01,2151.0,4872.6
1994-06-01,2364.0,5340.7
1994-07-01,2458.0,5534.3
1994-08-01,2406.0,5395.4
1994-09-01,2506.0,5608.4
1994-10-01,2548.0,5698.6
1994-11-01,2802.0,6249.9
1994-12-01,2985.0,6644.8
1995-01-01,3009.0,6680.4
1995-02-01,2878.0,6372.6
1995-03-01,2924.0,6461.6
1995-04-01,2904.0,6392.1
1995-05-01,2773.0,6091.7
1995-06-01,2995.0,6566.4
1995-07-01,3076.0,6735.2
1995-08-01,3037.0,6636.7
1995-09-01,2916.0,6364.0
1995-10-01,2814.0,6125.4
1995-11-01,2977.0,6471.8
1995-12-01,2926.0,6352.6
1996-01-01,2616.0,5650.2
1996-02-01,2538.0,5471.1
1996-03-01,2561.0,5503.0
1996-04-01,2596.0,5556.7
1996-05-01,2658.0,5678.5
1996-06-01,2173.0,4633.5
1996-07-01,1986.0,4226.7
1996-08-01,2009.0,4270.2
1996-09-01,1941.0,4112.5
1996-10-01,1961.0,4141.8
1996-11-01,2231.0,4697.2
1996-12-01,2268.0,4763.1
1997-01-01,2435.0,5104.2
1997-02-01,2406.0,5033.9
1997-03-01,2421.0,5062.1
1997-04-01,2391.0,4996.3
1997-05-01,2514.0,5253.3
1997-06-01,2613.0,5450.0
1997-07-01,2450.0,5103.6
1997-08-01,2251.0,4677.4
1997-09-01,2107.0,4367.3
1997-10-01,2052.0,4245.4
1997-11-01,1917.0,3961.2
1997-12-01,1762.0,3638.7
1998-01-01,1688.0,3481.6
1998-02-01,1665.0,3434.1
1998-03-01,1748.0,3605.3
1998-04-01,1801.0,3710.0
1998-05-01,1733.0,3561.2
1998-06-01,1661.0,3409.0
1998-07-01,1651.0,3380.2
1998-08-01,1621.0,3314.7
1998-09-01,1648.0,3367.9
1998-10-01,1586.0,3233.3
1998-11-01,1574.0,3204.9
1998-12-01,1474.0,2995.8
1999-01-01,1431.0,2903.1
1999-02-01,1411.0,2862.5
1999-03-01,1378.0,2793.9
1999-04-01,1466.0,2952.6
1999-05-01,1511.0,3041.4
1999-06-01,1422.0,2862.3
1999-07-01,1640.0,3287.2
1999-08-01,1648.0,3295.3
1999-09-01,1750.0,3484.7
1999-10-01,1724.0,3426.8
1999-11-01,1728.0,3428.6
1999-12-01,1765.0,3493.7
2000-01-01,1844.0,3639.3
2000-02-01,1801.0,3539.8
2000-03-01,1739.0,3398.0
2000-04-01,1679.0,3282.7
2000-05-01,1786.0,3485.7
2000-06-01,1753.0,3401.5
2000-07-01,1799.0,3480.6
2000-08-01,1856.0,3590.9
2000-09-01,1960.0,3772.4
2000-10-01,1899.0,3648.7
2000-11-01,1795.0,3443.0
2000-12-01,1851.0,3542.2
2001-01-01,1788.0,3402.2
2001-02-01,1766.0,3352.7
2001-03-01,1739.0,3299.6
2001-04-01,1664.0,3151.9
2001-05-01,1682.0,3169.8
2001-06-01,1608.0,3023.5
2001-07-01,1525.0,2872.3
2001-08-01,1464.0,2757.4
2001-09-01,1426.0,2675.3
2001-10-01,1377.0,2590.6
2001-11-01,1428.0,2688.1
2001-12-01,1472.0,2772.5
2002-01-01,1504.0,2828.0
2002-02-01,1562.0,2932.1
2002-03-01,1605.0,3004.4
2002-04-01,1590.0,2963.0
2002-05-01,1596.0,2970.9
2002-06-01,1648.0,3066.0
2002-07-01,1589.0,2949.6
2002-08-01,1480.0,2739.7
2002-09-01,1479.0,2733.3
2002-10-01,1484.0,2736.5
2002-11-01,1582.0,2912.4
2002-12-01,1596.0,2933.3
2003-01-01,1648.0,3015.6
2003-02-01,1684.0,3064.7
2003-03-01,1659.0,3014.3
2003-04-01,1587.0,2894.5
2003-05-01,1648.0,3010.7
2003-06-01,1687.0,3078.5
2003-07-01,1710.0,3110.3
2003-08-01,1760.0,3187.4
2003-09-01,1790.0,3231.2
2003-10-01,1921.0,3471.4
2003-11-01,2055.0,3711.6
2003-12-01,2201.0,3964.5
2004-01-01,2424.0,4347.5
2004-02-01,2760.0,4939.5
2004-03-01,3009.0,5373.6
2004-04-01,2949.0,5258.0
2004-05-01,2734.0,4854.0
2004-06-01,2687.0,4752.8
2004-07-01,2808.0,4961.6
2004-08-01,2846.0,5026.1
2004-09-01,2895.0,5096.5
2004-10-01,3012.0,5274.6
2004-11-01,3123.0,5443.4
2004-12-01,3145.0,5481.7
2005-01-01,3170.0,5528.2
2005-02-01,3254.0,5651.1
2005-03-01,3379.0,5846.9
2005-04-01,3394.0,5854.6
2005-05-01,3249.0,5607.4
2005-06-01,3524.0,6078.9
2005-07-01,3614.0,6195.7
2005-08-01,3798.0,6471.3
2005-09-01,3858.0,6484.3
2005-10-01,4060.0,6813.5
2005-11-01,4269.0,7200.4
2005-12-01,4577.0,7719.9
2006-01-01,4734.0,7936.7
2006-02-01,4982.0,8348.2
2006-03-01,5103.0,8538.2
2006-04-01,6388.0,10634.9
2006-05-01,8046.0,13355.3
2006-06-01,7198.0,11918.1
2006-07-01,7712.0,12699.9
2006-08-01,7696.0,12617.6
2006-09-01,7602.0,12525.0
2006-10-01,7500.0,12412.0
2006-11-01,7029.0,11626.8
2006-12-01,6675.0,10981.4
2007-01-01,5670.0,9312.6
2007-02-01,5676.0,9286.4
2007-03-01,6452.0,10501.4
2007-04-01,7766.0,12602.3
2007-05-01,7681.0,12413.1
2007-06-01,7474.0,12050.6
2007-07-01,7973.0,12832.3
2007-08-01,7514.0,12089.8
2007-09-01,7649.0,12255.1
2007-10-01,8008.0,12790.9
2007-11-01,6967.0,11041.3
2007-12-01,6588.0,10410.5
2008-01-01,7061.0,11119.6
2008-02-01,7888.0,12392.0
2008-03-01,8439.0,13210.4
2008-04-01,8685.0,13564.1
2008-05-01,8383.0,13015.4
2008-06-01,8261.0,12693.0
2008-07-01,8414.0,12836.4
2008-08-01,7635.0,11665.3
2008-09-01,6991.0,10672.2
2008-10-01,4926.0,7585.1
2008-11-01,3717.0,5826.6
2008-12-01,3072.0,4855.5
2009-01-01,3221.0,5078.2
2009-02-01,3315.0,5207.4
2009-03-01,3750.0,5896.6
2009-04-01,4407.0,6922.7
2009-05-01,4569.0,7166.6
2009-06-01,5014.0,7799.9
2009-07-01,5216.0,8116.5
2009-08-01,6165.0,9561.2
2009-09-01,6196.0,9590.8
2009-10-01,6288.0,9704.1
2009-11-01,6676.0,10268.5
2009-12-01,6982.0,10733.5
2010-01-01,7386.0,11347.3
2010-02-01,6848.0,10530.7
2010-03-01,7463.0,11472.7
2010-04-01,7745.0,11903.4
2010-05-01,6838.0,10514.9
2010-06-01,6499.0,9997.8
2010-07-01,6735.0,10341.5
2010-08-01,7284.0,11168.2
2010-09-01,7709.0,11800.8
2010-10-01,8292.0,12649.2
2010-11-01,8470.0,12888.1
2010-12-01,9147.0,13862.5
2011-01-01,9556.0,14435.5
2011-02-01,9868.0,14859.1
2011-03-01,9503.0,14235.8
2011-04-01,9493.0,14154.4
2011-05-01,8960.0,13317.3
2011-06-01,9067.0,13476.4
2011-07-01,9650.0,14305.4
2011-08-01,9001.0,13301.3
2011-09-01,8300.0,12238.9
2011-10-01,7394.0,10895.5
2011-11-01,7581.0,11150.5
2011-12-01,7565.0,11124.3
2012-01-01,8040.0,11790.7
2012-02-01,8441.0,12352.4
2012-03-01,8471.0,12370.4
2012-04-01,8289.0,12084.5
2012-05-01,7956.0,11623.1
2012-06-01,7423.0,10853.4
2012-07-01,7584.0,11085.6
2012-08-01,7516.0,10922.7
2012-09-01,8088.0,11698.2
2012-10-01,8062.0,11629.2
2012-11-01,7711.0,11141.6
2012-12-01,7966.0,11511.4
2013-01-01,8047.0,11605.5
2013-02-01,8061.0,11562.9
2013-03-01,7646.0,10998.6
2013-04-01,7234.0,10427.7
2013-05-01,7249.0,10445.0
2013-06-01,7000.0,10062.2
2013-07-01,6907.0,9909.2
2013-08-01,7193.0,10294.9
2013-09-01,7159.0,10242.4
2013-10-01,7203.0,10299.8
2013-11-01,7071.0,10092.4
2013-12-01,7215.0,10270.8
2014-01-01,7291.0,10353.9
2014-02-01,7149.0,10141.1
2014-03-01,6650.0,9414.0
2014-04-01,6674.0,9430.4
2014-05-01,6891.0,9718.5
2014-06-01,6821.0,9607.1
2014-07-01,7113.0,10007.1
2014-08-01,7002.0,9852.5
2014-09-01,6872.0,9668.9
2014-10-01,6737.0,9480.9
2014-11-01,6713.0,9464.9
2014-12-01,6446.0,9116.6
2015-01-01,5831.0,8299.6
2015-02-01,5729.0,8133.8
2015-03-01,5940.0,8410.8
2015-04-01,6042.0,8546.3
2015-05-01,6295.0,8874.9
2015-06-01,5833.0,8200.8
2015-07-01,5457.0,7660.1
2015-08-01,5127.0,7196.9
2015-09-01,5217.0,7339.7
2015-10-01,5216.0,7331.0
2015-11-01,4800.0,6738.3
2015-12-01,4639.0,6519.3
2016-01-01,4472.0,6287.5
2016-02-01,4599.0,6474.7
2016-03-01,4954.0,6952.6
2016-04-01,4873.0,6812.9
2016-05-01,4695.0,6548.5
2016-06-01,4642.0,6456.7
2016-07-01,4865.0,6770.3
2016-08-01,4752.0,6600.8
2016-09-01,4722.0,6542.0
2016-10-01,4731.0,6539.1
2016-11-01,5451.0,7525.4
2016-12-01,5660.0,7794.3
2017-01-01,5755.0,7893.2
2017-02-01,5941.0,8135.3
2017-03-01,5825.0,7980.2
2017-04-01,5684.0,7777.5
2017-05-01,5600.0,7668.5
2017-06-01,5720.0,7827.7
2017-07-01,5985.0,8187.6
2017-08-01,6486.0,8839.0
2017-09-01,6577.0,8917.5
2017-10-01,6808.0,9223.5
2017-11-01,6827.0,9224.7
2017-12-01,6834.0,9214.7
2018-01-01,7066.0,9487.2
2018-02-01,7007.0,9382.7
2018-03-01,6799.0,9102.4
2018-04-01,6852.0,9149.6
2018-05-01,6825.0,9093.0
2018-06-01,6966.0,9272.5
2018-07-01,6251.0,8314.2
2018-08-01,6051.0,8033.9
2018-09-01,6051.0,8017.3
2018-10-01,6220.0,8222.0
2018-11-01,6196.0,8196.1
2018-12-01,6075.0,8030.5
2019-01-01,5939.0,7857.1
2019-02-01,6300.0,8309.8
2019-03-01,6439.0,8461.1
2019-04-01,6438.0,8428.1
2019-05-01,6018.0,7876.3
2019-06-01,5882.0,7700.9
2019-07-01,5941.0,7760.2
2019-08-01,5709.0,7450.3
2019-09-01,5759.0,7504.0
2019-10-01,5757.0,7480.3
2019-11-01,5860.0,7592.7
2019-12-01,6077.0,7851.0
2020-01-01,6031.0,7776.7
2020-02-01,5688.0,7330.9
2020-03-01,5183.0,6710.4
2020-04-01,5058.0,6600.9
2020-05-01,5240.0,6844.5
2020-06-01,5755.0,7481.0
2020-07-01,6372.0,8241.0
2020-08-01,6499.0,8374.0
2020-09-01,6705.0,8616.8
2020-10-01,6714.0,8617.7
2020-11-01,7069.0,9052.8
2020-12-01,7772.0,9910.0
2021-01-01,7972.0,10140.2
2021-02-01,8471.0,10738.4
2021-03-01,8988.0,11334.4
2021-04-01,9325.0,11686.5
2021-05-01,10162.0,12651.5
2021-06-01,9632.0,11891.0
2021-07-01,9451.0,11614.0
2021-08-01,9370.0,11481.8
2021-09-01,9325.0,11375.2
2021-10-01,9829.0,11875.5
2021-11-01,9729.0,11654.9
2021-12-01,9551.0,11363.2
2022-01-01,9782.0,11568.0
2022-02-01,9943.0,11677.6
2022-03-01,10231.0,11883.2
2022-04-01,10161.0,11765.6
2022-05-01,9377.0,10755.8
2022-06-01,9024.0,10222.5
2022-07-01,7545.0,8548.3
2022-08-01,7982.0,9037.8
2022-09-01,7746.0,8733.5
2022-10-01,7651.0,8578.4
2022-11-01,8050.0,9002.3
2022-12-01,8375.0,9364.3
2023-01-01,9038.0,10052.2
2023-02-01,8937.0,9905.9
2023-03-01,8856.0,9804.0
2023-04-01,8809.0,9719.0
2023-05-01,8217.0,9051.3
2023-06-01,8397.0,9228.8
2023-07-01,8477.0,9298.6
2023-08-01,8349.0,9114.1
2023-09-01,8277.0,9000.4
2023-10-01,7937.0,8618.9
2023-11-01,8190.0,8880.6
2023-12-01,8400.0,9090.8
2024-01-01,8339.0,8996.9
2024-02-01,8305.0,8923.6
2024-03-01,8689.0,9295.1
2024-04-01,9464.0,10102.2
2024-05-01,10139.0,10817.4
2024-06-01,9648.0,10297.9
2024-07-01,9385.0,10000.4
2024-08-01,8972.0,9545.3
2024-09-01,9237.0,9806.3
2024-10-01,9534.0,10092.8
2024-11-01,9076.0,9580.7
2024-12-01,8916.0,9380.0
2025-01-01,8991.0,9418.6
2025-02-01,9331.0,9752.8
2025-03-01,9740.0,10176.9
2025-04-01,9177.0,9573.2
2025-05-01,9533.0,9934.7
2025-06-01,9835.0,10223.5
2025-07-01,9771.0,10133.8
2025-08-01,9670.0,9994.2
2025-09-01,9984.0,10288.4
2025-10-01,10740.0,
2025-11-01,10812.0,11113.6
2025-12-01,11785.0,12077.8
2026-01-01,13012.0,13312.5
2026-02-01,12951.0,13214.8
2026-03-01,12529.0,12674.6
2026-04-01,12951.0,13018.2
2026-05-01,13543.0,13549.2
2026-06-01,13552.0,13615.7
2026-07-01,13543.0,13596.6
2026-08-01,14326.0,14326.0
