period,currency,prices,start_month,copper_change_pct,al_rebased_latest,gold_rebased_latest,tin_rebased_latest,brent_rebased_latest,dxy_start_month,dxy_change_pct,ratio_start
1y,usd,nominal,2025-08,48.1489,125.1829,130.9679,163.6963,133.2845,2025-08,-1.4303,3.7235
1y,usd,real,2025-08,43.3426,121.1217,126.719,158.3856,128.9603,2025-08,-1.4303,3.7235
1y,eur,nominal,2025-08,48.8262,,,,,2025-08,-1.4303,3.7235
5y,usd,nominal,2021-08,52.8922,124.8944,247.1148,158.1344,129.8571,2021-08,4.8047,3.5997
5y,usd,real,2021-08,24.7715,101.9232,201.6643,129.0496,105.9732,2021-08,4.8047,3.5997
5y,eur,nominal,2021-08,55.1736,,,,,2021-08,4.8047,3.5997
20y,usd,nominal,2006-08,86.1486,132.1545,696.8404,651.435,123.5054,2006-08,21.6319,3.1285
20y,usd,real,2006-08,13.5396,80.6064,425.0311,397.3365,75.331,2006-08,21.6319,3.1285
20y,eur,nominal,2006-08,105.6723,,,,,2006-08,21.6319,3.1285
all,usd,nominal,1960-01,1903.6364,636.2035,12602.8571,2540.5963,5681.25,2006-01,18.8512,1.3992
all,usd,real,1960-01,76.1189,55.9221,1107.7868,223.3175,499.3792,2006-01,18.8512,1.3992
all,eur,nominal,1999-01,900.859,,,,,2006-01,18.8512,1.1749
