component_id,component,year,variant,path_method,basis,is_interpolated,is_exploratory,low_t,mid_t,high_t,low_pct_of_mine,mid_pct_of_mine,high_pct_of_mine,note
ev_transition,EV transition: extra EVs x (EV copper - petrol-car copper),2030,CPS,constant_growth,cars only,1,0,611196.6207274797,677158.6665244246,743120.7123213694,2.6573766118586075,2.9441681153235852,3.2309596187885625,EV sales for 2030 are interpolated between the 2025 actuals and the IEA 2035 scenario.
ev_transition,EV transition: extra EVs x (EV copper - petrol-car copper),2030,CPS,linear,cars only,1,0,836300.0,926650.0,1017000.0,3.636086956521739,4.028913043478261,4.421739130434783,EV sales for 2030 are interpolated between the 2025 actuals and the IEA 2035 scenario.
ev_transition,EV transition: extra EVs x (EV copper - petrol-car copper),2035,CPS,direct,cars only,0,0,1672600.0,1853300.0,2034000.0,7.272173913043478,8.057826086956522,8.843478260869565,
ev_transition,EV transition: extra EVs x (EV copper - petrol-car copper),2030,STEPS,constant_growth,cars only,1,0,712414.2470775471,791598.2449534836,870782.24282942,3.0974532481632484,3.4417314997977546,3.786009751432261,EV sales for 2030 are interpolated between the 2025 actuals and the IEA 2035 scenario.
ev_transition,EV transition: extra EVs x (EV copper - petrol-car copper),2030,STEPS,linear,cars only,1,0,991450.0,1100975.0,1210500.0,4.310652173913043,4.786847826086957,5.26304347826087,EV sales for 2030 are interpolated between the 2025 actuals and the IEA 2035 scenario.
ev_transition,EV transition: extra EVs x (EV copper - petrol-car copper),2035,STEPS,direct,cars only,0,0,1982900.0,2201950.0,2421000.0,8.621304347826086,9.573695652173914,10.52608695652174,
car_market_growth,Car-market growth: change in total car sales x petrol-car copper (derived from rounded EV shares; not an EV effect),2030,CPS,constant_growth,cars only,1,0,68660.64479968911,211858.9891380936,380963.2254625164,0.29852454260734396,0.9211260397308417,1.6563618498370278,Total sales are derived as EV sales / EV share from rounded IEA numbers (plus interpolation for 2030). The band is the IEA rounding.
car_market_growth,Car-market growth: change in total car sales x petrol-car copper (derived from rounded EV shares; not an EV effect),2030,CPS,linear,cars only,1,0,145408.1632653064,291830.98591549305,462801.1204481795,0.6322094055013322,1.268830373545622,2.012178784557302,Total sales are derived as EV sales / EV share from rounded IEA numbers (plus interpolation for 2030). The band is the IEA rounding.
car_market_growth,Car-market growth: change in total car sales x petrol-car copper (derived from rounded EV shares; not an EV effect),2035,CPS,direct,cars only,0,0,297827.51810401585,450434.7826086956,624779.1424262014,1.2949022526261558,1.9584120982986766,2.7164310540269625,Total sales are derived as EV sales / EV share from rounded IEA numbers (plus interpolation for 2030). The band is the IEA rounding.
car_market_growth,Car-market growth: change in total car sales x petrol-car copper (derived from rounded EV shares; not an EV effect),2030,STEPS,constant_growth,cars only,1,0,49331.726116514685,187295.4915680024,350346.94200648664,0.21448576572397687,0.8143282242087062,1.5232475739412463,Total sales are derived as EV sales / EV share from rounded IEA numbers (plus interpolation for 2030). The band is the IEA rounding.
car_market_growth,Car-market growth: change in total car sales x petrol-car copper (derived from rounded EV shares; not an EV effect),2030,STEPS,linear,cars only,1,0,129268.92275897715,268717.9487179488,431372.549019608,0.5620387946042484,1.1683389074693427,1.8755328218243827,Total sales are derived as EV sales / EV share from rounded IEA numbers (plus interpolation for 2030). The band is the IEA rounding.
car_market_growth,Car-market growth: change in total car sales x petrol-car copper (derived from rounded EV shares; not an EV effect),2035,STEPS,direct,cars only,0,0,254053.02307839016,395471.69811320753,557086.8347338937,1.1045783612103919,1.719442165709598,2.4221166727560597,Total sales are derived as EV sales / EV share from rounded IEA numbers (plus interpolation for 2030). The band is the IEA rounding.
dc_extra_vs_base_year_build,Data centres: copper in the build of the target year minus the base-year build,2030,Base,constant_growth,IT equipment,0,0,400672.4894645908,467451.23770868924,534229.9859527877,1.74205430201996,2.032396685689953,2.322739069359946,
dc_extra_vs_base_year_build,Data centres: copper in the build of the target year minus the base-year build,2030,Base,even,IT equipment,0,0,200000.00000000003,233333.33333333337,266666.66666666674,0.8695652173913045,1.0144927536231885,1.1594202898550727,
dc_extra_vs_base_year_build,Data centres: copper in the build of the target year minus the base-year build,2035,Base,constant_growth,IT equipment,0,1,467505.32017149107,545422.8735334063,623340.4268953215,2.03263182683257,2.3714037979713316,2.7101757691100934,The IEA marks 2035 data-centre values as exploratory.
dc_extra_vs_base_year_build,Data centres: copper in the build of the target year minus the base-year build,2035,Base,even,IT equipment,0,1,106363.63636363635,124090.90909090907,141818.1818181818,0.46245059288537543,0.5395256916996047,0.6166007905138339,The IEA marks 2035 data-centre values as exploratory.
dc_extra_vs_base_year_build,Data centres: copper in the build of the target year minus the base-year build,2030,Base,constant_growth,Whole data centre,0,0,469214.633405021,547417.0723058578,625619.5112066946,2.040063623500091,2.380074227416773,2.720084831333455,
dc_extra_vs_base_year_build,Data centres: copper in the build of the target year minus the base-year build,2030,Base,even,Whole data centre,0,0,225000.0,262500.0,300000.0,0.9782608695652175,1.141304347826087,1.3043478260869565,
dc_extra_vs_base_year_build,Data centres: copper in the build of the target year minus the base-year build,2035,Base,constant_growth,Whole data centre,0,1,477193.4851929274,556725.732725082,636257.9802572365,2.0747542834475103,2.4205466640220954,2.7663390445966805,The IEA marks 2035 data-centre values as exploratory.
dc_extra_vs_base_year_build,Data centres: copper in the build of the target year minus the base-year build,2035,Base,even,Whole data centre,0,1,70909.09090909091,82727.27272727272,94545.45454545454,0.308300395256917,0.35968379446640314,0.41106719367588934,The IEA marks 2035 data-centre values as exploratory.
dc_extra_vs_base_year_build,Data centres: copper in the build of the target year minus the base-year build,2030,Headwinds,constant_growth,IT equipment,0,0,42229.381425357584,49267.61166291718,56305.84190047678,0.18360600619720688,0.2142070072300747,0.2448080082629425,
dc_extra_vs_base_year_build,Data centres: copper in the build of the target year minus the base-year build,2030,Headwinds,even,IT equipment,0,0,-80000.0,-70000.0,-60000.0,-0.34782608695652173,-0.30434782608695654,-0.26086956521739135,"A negative number means the yearly build in this case is slower than the base-year build, so less copper goes into new capacity each year than in the base year. It is a slower build, not negative demand."
dc_extra_vs_base_year_build,Data centres: copper in the build of the target year minus the base-year build,2035,Headwinds,constant_growth,IT equipment,0,1,-14663.82924187151,-12830.85058663757,-10997.871931403633,-0.06375577931248481,-0.05578630689842422,-0.04781683448436362,"A negative number means the yearly build in this case is slower than the base-year build, so less copper goes into new capacity each year than in the base year. It is a slower build, not negative demand."
dc_extra_vs_base_year_build,Data centres: copper in the build of the target year minus the base-year build,2035,Headwinds,even,IT equipment,0,1,-207272.7272727273,-181363.63636363638,-155454.54545454547,-0.9011857707509883,-0.7885375494071147,-0.6758893280632412,"A negative number means the yearly build in this case is slower than the base-year build, so less copper goes into new capacity each year than in the base year. It is a slower build, not negative demand."
dc_extra_vs_base_year_build,Data centres: copper in the build of the target year minus the base-year build,2030,Headwinds,constant_growth,Whole data centre,0,0,481.33827679285093,561.5613229249927,641.7843690571345,0.0020927751164906564,0.002441570969239099,0.0027903668219875417,
dc_extra_vs_base_year_build,Data centres: copper in the build of the target year minus the base-year build,2030,Headwinds,even,Whole data centre,0,0,-153333.33333333337,-134166.6666666667,-115000.00000000001,-0.6666666666666667,-0.5833333333333335,-0.5000000000000001,"A negative number means the yearly build in this case is slower than the base-year build, so less copper goes into new capacity each year than in the base year. It is a slower build, not negative demand."
dc_extra_vs_base_year_build,Data centres: copper in the build of the target year minus the base-year build,2035,Headwinds,constant_growth,Whole data centre,0,1,-141309.70690996727,-123645.99354622136,-105982.28018247544,-0.6143900300433359,-0.5375912762879189,-0.46079252253250197,"A negative number means the yearly build in this case is slower than the base-year build, so less copper goes into new capacity each year than in the base year. It is a slower build, not negative demand."
dc_extra_vs_base_year_build,Data centres: copper in the build of the target year minus the base-year build,2035,Headwinds,even,Whole data centre,0,1,-330909.09090909094,-289545.4545454546,-248181.8181818182,-1.4387351778656128,-1.2588932806324111,-1.0790513833992095,"A negative number means the yearly build in this case is slower than the base-year build, so less copper goes into new capacity each year than in the base year. It is a slower build, not negative demand."
dc_extra_vs_base_year_build,Data centres: copper in the build of the target year minus the base-year build,2030,High Efficiency,constant_growth,IT equipment,0,0,255916.6189102851,298569.38872866594,341222.15854704677,1.1126809517838483,1.2981277770811563,1.4835746023784642,
dc_extra_vs_base_year_build,Data centres: copper in the build of the target year minus the base-year build,2030,High Efficiency,even,IT equipment,0,0,94999.99999999999,110833.33333333331,126666.66666666664,0.4130434782608695,0.4818840579710144,0.5507246376811593,
dc_extra_vs_base_year_build,Data centres: copper in the build of the target year minus the base-year build,2035,High Efficiency,constant_growth,IT equipment,0,1,308004.2561371928,359338.2988267249,410672.34151625703,1.3391489397269252,1.5623404296814125,1.7855319196359,The IEA marks 2035 data-centre values as exploratory.
dc_extra_vs_base_year_build,Data centres: copper in the build of the target year minus the base-year build,2035,High Efficiency,even,IT equipment,0,1,19090.909090909103,22272.727272727287,25454.54545454547,0.08300395256917001,0.09683794466403169,0.11067193675889334,The IEA marks 2035 data-centre values as exploratory.
dc_extra_vs_base_year_build,Data centres: copper in the build of the target year minus the base-year build,2030,High Efficiency,constant_growth,Whole data centre,0,0,186596.02898947167,217695.36715438362,248794.70531929558,0.8112870825629204,0.9465015963234071,1.081716110083894,
dc_extra_vs_base_year_build,Data centres: copper in the build of the target year minus the base-year build,2030,High Efficiency,even,Whole data centre,0,0,19999.99999999998,23333.333333333314,26666.666666666642,0.08695652173913035,0.10144927536231876,0.11594202898550714,
dc_extra_vs_base_year_build,Data centres: copper in the build of the target year minus the base-year build,2035,High Efficiency,constant_growth,Whole data centre,0,1,198066.6231329055,231077.72698838974,264088.83084387396,0.8611592310126325,1.004685769514738,1.1482123080168434,The IEA marks 2035 data-centre values as exploratory.
dc_extra_vs_base_year_build,Data centres: copper in the build of the target year minus the base-year build,2035,High Efficiency,even,Whole data centre,0,1,-109090.90909090906,-95454.54545454543,-81818.1818181818,-0.4743083003952568,-0.4150197628458497,-0.3557312252964426,"A negative number means the yearly build in this case is slower than the base-year build, so less copper goes into new capacity each year than in the base year. It is a slower build, not negative demand."
dc_extra_vs_base_year_build,Data centres: copper in the build of the target year minus the base-year build,2030,Lift-Off,constant_growth,IT equipment,0,0,807367.5543552593,941928.8134144691,1076490.072473679,3.5102937145880837,4.095342667019431,4.680391619450778,
dc_extra_vs_base_year_build,Data centres: copper in the build of the target year minus the base-year build,2030,Lift-Off,even,IT equipment,0,0,495000.0,577500.0,660000.0,2.152173913043478,2.510869565217391,2.869565217391304,
dc_extra_vs_base_year_build,Data centres: copper in the build of the target year minus the base-year build,2035,Lift-Off,constant_growth,IT equipment,0,1,975914.9617808165,1138567.4554109527,1301219.9490410886,4.243108529481811,4.950293284395446,5.657478039309081,The IEA marks 2035 data-centre values as exploratory.
dc_extra_vs_base_year_build,Data centres: copper in the build of the target year minus the base-year build,2035,Lift-Off,even,IT equipment,0,1,384545.4545454545,448636.3636363636,512727.27272727265,1.6719367588932803,1.9505928853754937,2.2292490118577075,The IEA marks 2035 data-centre values as exploratory.
dc_extra_vs_base_year_build,Data centres: copper in the build of the target year minus the base-year build,2030,Lift-Off,constant_growth,Whole data centre,0,0,1013772.432156933,1182734.5041830887,1351696.576209244,4.407706226769274,5.142323931230821,5.876941635692366,
dc_extra_vs_base_year_build,Data centres: copper in the build of the target year minus the base-year build,2030,Lift-Off,even,Whole data centre,0,0,619999.9999999999,723333.3333333333,826666.6666666665,2.695652173913043,3.144927536231884,3.5942028985507237,
dc_extra_vs_base_year_build,Data centres: copper in the build of the target year minus the base-year build,2035,Lift-Off,constant_growth,Whole data centre,0,1,1110213.3330790484,1295248.8885922232,1480284.444105398,4.827014491648036,5.63151690692271,6.4360193221973825,The IEA marks 2035 data-centre values as exploratory.
dc_extra_vs_base_year_build,Data centres: copper in the build of the target year minus the base-year build,2035,Lift-Off,even,Whole data centre,0,1,417272.7272727273,486818.1818181818,556363.6363636364,1.814229249011858,2.116600790513834,2.41897233201581,The IEA marks 2035 data-centre values as exploratory.
dc_new_capacity,Data centres: copper in the capacity built in the target year (gross),2030,Base,constant_growth,IT equipment,0,0,730672.4894645908,852451.2377086892,974229.9859527877,3.176836910715612,3.706309729168214,4.235782547620816,
dc_new_capacity,Data centres: copper in the capacity built in the target year (gross),2030,Base,even,IT equipment,0,0,530000.0,618333.3333333334,706666.6666666667,2.3043478260869565,2.6884057971014492,3.0724637681159424,
dc_new_capacity,Data centres: copper in the capacity built in the target year (gross),2035,Base,constant_growth,IT equipment,0,1,797505.3201714911,930422.8735334063,1063340.4268953213,3.4674144355282226,4.045316841449593,4.623219247370963,The IEA marks 2035 data-centre values as exploratory.
dc_new_capacity,Data centres: copper in the capacity built in the target year (gross),2035,Base,even,IT equipment,0,1,436363.63636363635,509090.90909090906,581818.1818181818,1.8972332015810274,2.2134387351778653,2.529644268774703,The IEA marks 2035 data-centre values as exploratory.
dc_new_capacity,Data centres: copper in the capacity built in the target year (gross),2030,Base,constant_growth,Whole data centre,0,0,889214.6334050209,1037417.0723058578,1185619.5112066946,3.86615058002183,4.510509010025468,5.154867440029108,
dc_new_capacity,Data centres: copper in the capacity built in the target year (gross),2030,Base,even,Whole data centre,0,0,645000.0,752500.0,860000.0,2.8043478260869565,3.2717391304347823,3.739130434782609,
dc_new_capacity,Data centres: copper in the capacity built in the target year (gross),2035,Base,constant_growth,Whole data centre,0,1,897193.4851929274,1046725.732725082,1196257.9802572364,3.9008412399692496,4.550981446630791,5.201121653292332,The IEA marks 2035 data-centre values as exploratory.
dc_new_capacity,Data centres: copper in the capacity built in the target year (gross),2035,Base,even,Whole data centre,0,1,490909.09090909094,572727.2727272727,654545.4545454546,2.1343873517786562,2.4901185770750986,2.845849802371542,The IEA marks 2035 data-centre values as exploratory.
dc_new_capacity,Data centres: copper in the capacity built in the target year (gross),2030,Headwinds,constant_growth,IT equipment,0,0,372229.3814253576,434267.6116629172,496305.84190047684,1.618388614892859,1.8881200507083356,2.1578514865238123,
dc_new_capacity,Data centres: copper in the capacity built in the target year (gross),2030,Headwinds,even,IT equipment,0,0,270000.0,315000.0,360000.0,1.1739130434782608,1.3695652173913042,1.565217391304348,
dc_new_capacity,Data centres: copper in the capacity built in the target year (gross),2035,Headwinds,constant_growth,IT equipment,0,1,319002.12806859636,372169.14941336244,425336.1707581285,1.3869657742112886,1.6181267365798366,1.8492876989483849,The IEA marks 2035 data-centre values as exploratory.
dc_new_capacity,Data centres: copper in the capacity built in the target year (gross),2035,Headwinds,even,IT equipment,0,1,174545.45454545453,203636.36363636362,232727.2727272727,0.758893280632411,0.8853754940711462,1.0118577075098814,The IEA marks 2035 data-centre values as exploratory.
dc_new_capacity,Data centres: copper in the capacity built in the target year (gross),2030,Headwinds,constant_growth,Whole data centre,0,0,420481.33827679284,490561.561322925,560641.7843690572,1.8281797316382298,2.1328763535779345,2.43757297551764,
dc_new_capacity,Data centres: copper in the capacity built in the target year (gross),2030,Headwinds,even,Whole data centre,0,0,305000.0,355833.3333333333,406666.6666666666,1.3260869565217392,1.5471014492753623,1.7681159420289854,
dc_new_capacity,Data centres: copper in the capacity built in the target year (gross),2035,Headwinds,constant_growth,Whole data centre,0,1,314017.71981752454,366354.00645377865,418690.2930900327,1.3652944339892372,1.5928435063207766,1.8203925786523163,The IEA marks 2035 data-centre values as exploratory.
dc_new_capacity,Data centres: copper in the capacity built in the target year (gross),2035,Headwinds,even,Whole data centre,0,1,171818.18181818182,200454.54545454547,229090.90909090912,0.7470355731225297,0.8715415019762847,0.9960474308300395,The IEA marks 2035 data-centre values as exploratory.
dc_new_capacity,Data centres: copper in the capacity built in the target year (gross),2030,High Efficiency,constant_growth,IT equipment,0,0,585916.6189102851,683569.3887286659,781222.1585470467,2.5474635604795,2.972040820559417,3.396618080639333,
dc_new_capacity,Data centres: copper in the capacity built in the target year (gross),2030,High Efficiency,even,IT equipment,0,0,425000.0,495833.3333333333,566666.6666666666,1.8478260869565217,2.1557971014492754,2.463768115942029,
dc_new_capacity,Data centres: copper in the capacity built in the target year (gross),2035,High Efficiency,constant_growth,IT equipment,0,1,638004.2561371927,744338.2988267249,850672.341516257,2.7739315484225773,3.2362534731596733,3.6985753978967697,The IEA marks 2035 data-centre values as exploratory.
dc_new_capacity,Data centres: copper in the capacity built in the target year (gross),2035,High Efficiency,even,IT equipment,0,1,349090.90909090906,407272.72727272724,465454.5454545454,1.517786561264822,1.7707509881422925,2.0237154150197627,The IEA marks 2035 data-centre values as exploratory.
dc_new_capacity,Data centres: copper in the capacity built in the target year (gross),2030,High Efficiency,constant_growth,Whole data centre,0,0,606596.0289894717,707695.3671543837,808794.7053192956,2.63737403908466,3.076936378932103,3.516498718779546,
dc_new_capacity,Data centres: copper in the capacity built in the target year (gross),2030,High Efficiency,even,Whole data centre,0,0,440000.0,513333.3333333333,586666.6666666666,1.9130434782608694,2.231884057971014,2.550724637681159,
dc_new_capacity,Data centres: copper in the capacity built in the target year (gross),2035,High Efficiency,constant_growth,Whole data centre,0,1,618066.6231329055,721077.7269883897,824088.830843874,2.6872461875343716,3.1351205521234333,3.582994916712496,The IEA marks 2035 data-centre values as exploratory.
dc_new_capacity,Data centres: copper in the capacity built in the target year (gross),2035,High Efficiency,even,Whole data centre,0,1,338181.81818181823,394545.4545454546,450909.09090909094,1.4703557312252968,1.715415019762846,1.9604743083003955,The IEA marks 2035 data-centre values as exploratory.
dc_new_capacity,Data centres: copper in the capacity built in the target year (gross),2030,Lift-Off,constant_growth,IT equipment,0,0,1137367.5543552593,1326928.8134144691,1516490.072473679,4.945076323283736,5.769255710497692,6.593435097711647,
dc_new_capacity,Data centres: copper in the capacity built in the target year (gross),2030,Lift-Off,even,IT equipment,0,0,825000.0,962500.0,1100000.0,3.5869565217391304,4.184782608695652,4.782608695652174,
dc_new_capacity,Data centres: copper in the capacity built in the target year (gross),2035,Lift-Off,constant_growth,IT equipment,0,1,1305914.9617808165,1523567.4554109527,1741219.9490410886,5.677891138177463,6.624206327873708,7.570521517569951,The IEA marks 2035 data-centre values as exploratory.
dc_new_capacity,Data centres: copper in the capacity built in the target year (gross),2035,Lift-Off,even,IT equipment,0,1,714545.4545454545,833636.3636363635,952727.2727272727,3.106719367588932,3.6245059288537544,4.142292490118577,The IEA marks 2035 data-centre values as exploratory.
dc_new_capacity,Data centres: copper in the capacity built in the target year (gross),2030,Lift-Off,constant_growth,Whole data centre,0,0,1433772.432156933,1672734.5041830887,1911696.576209244,6.233793183291013,7.272758713839515,8.311724244388017,
dc_new_capacity,Data centres: copper in the capacity built in the target year (gross),2030,Lift-Off,even,Whole data centre,0,0,1039999.9999999999,1213333.3333333333,1386666.6666666665,4.521739130434782,5.275362318840579,6.028985507246376,
dc_new_capacity,Data centres: copper in the capacity built in the target year (gross),2035,Lift-Off,constant_growth,Whole data centre,0,1,1530213.3330790484,1785248.8885922232,2040284.444105398,6.653101448169776,7.761951689531404,8.870801930893034,The IEA marks 2035 data-centre values as exploratory.
dc_new_capacity,Data centres: copper in the capacity built in the target year (gross),2035,Lift-Off,even,Whole data centre,0,1,837272.7272727273,976818.1818181819,1116363.6363636365,3.6403162055335967,4.247035573122529,4.853754940711463,The IEA marks 2035 data-centre values as exploratory.
