index,dollar measure,dollar leads by k months,pearson r,p,months
0,euros per dollar,-2,-0.003279041631896265,0.9527528124264293,329
1,broad dollar index,-2,-0.12325052460851349,0.05402177054520725,245
2,euros per dollar,-1,-0.15540056384911138,0.004662248481718822,330
3,broad dollar index,-1,-0.27365354367338296,1.3390902537199987e-05,246
4,euros per dollar,0,-0.3224947416648172,1.897916049341049e-09,331
5,broad dollar index,0,-0.5601411457501914,8.381316326442006e-22,247
6,euros per dollar,1,-0.18139331844039158,0.0009323871323064141,330
7,broad dollar index,1,-0.25915125011473683,3.881283466391031e-05,246
8,euros per dollar,2,-0.09964636092470204,0.07106888197892923,329
9,broad dollar index,2,-0.1278473266261582,0.04559707961173005,245
10,euros per dollar,3,-0.1206258373917805,0.028942541896151554,328
11,broad dollar index,3,-0.06803899159358996,0.2897944497679549,244
