iea_scenario,year,path_method,is_interpolated,bev_case,bev_kg,phev_case,phev_kg,petrol_case,petrol_kg,growth_case,transition_t,market_growth_t,transition_all_evs_t
CPS,2030,constant_growth,1,low,82.0,low,59.0,midsize_low,18.0,central,651788.6,190673.1,1842988.6
CPS,2030,constant_growth,1,low,82.0,low,59.0,midsize_low,18.0,min,651788.6,68660.6,1842988.6
CPS,2030,constant_growth,1,low,82.0,low,59.0,midsize_low,18.0,max,651788.6,311697.2,1842988.6
CPS,2030,constant_growth,1,low,82.0,low,59.0,midsize_mid,20.0,central,631492.6,211859.0,1780292.6
CPS,2030,constant_growth,1,low,82.0,low,59.0,midsize_mid,20.0,min,631492.6,76289.6,1780292.6
CPS,2030,constant_growth,1,low,82.0,low,59.0,midsize_mid,20.0,max,631492.6,346330.2,1780292.6
CPS,2030,constant_growth,1,low,82.0,low,59.0,midsize_high,22.0,central,611196.6,233044.9,1717596.6
CPS,2030,constant_growth,1,low,82.0,low,59.0,midsize_high,22.0,min,611196.6,83918.6,1717596.6
CPS,2030,constant_growth,1,low,82.0,low,59.0,midsize_high,22.0,max,611196.6,380963.2,1717596.6
CPS,2030,constant_growth,1,low,82.0,low,59.0,compact_mid,9.0,central,743120.7,95336.5,2125120.7
CPS,2030,constant_growth,1,low,82.0,low,59.0,compact_mid,9.0,min,743120.7,34330.3,2125120.7
CPS,2030,constant_growth,1,low,82.0,low,59.0,compact_mid,9.0,max,743120.7,155848.6,2125120.7
CPS,2030,constant_growth,1,low,82.0,low,59.0,luxury_mid,27.5,central,555382.6,291306.1,1545182.6
CPS,2030,constant_growth,1,low,82.0,low,59.0,luxury_mid,27.5,min,555382.6,104898.2,1545182.6
CPS,2030,constant_growth,1,low,82.0,low,59.0,luxury_mid,27.5,max,555382.6,476204.0,1545182.6
CPS,2030,constant_growth,1,low,82.0,low,59.0,hybrid_bound_mid,42.0,central,408236.5,444903.9,1090636.5
CPS,2030,constant_growth,1,low,82.0,low,59.0,hybrid_bound_mid,42.0,min,408236.5,160208.2,1090636.5
CPS,2030,constant_growth,1,low,82.0,low,59.0,hybrid_bound_mid,42.0,max,408236.5,727293.4,1090636.5
CPS,2030,constant_growth,1,low,82.0,mid,63.5,midsize_low,18.0,central,651335.5,190673.1,1874935.5
CPS,2030,constant_growth,1,low,82.0,mid,63.5,midsize_low,18.0,min,651335.5,68660.6,1874935.5
CPS,2030,constant_growth,1,low,82.0,mid,63.5,midsize_low,18.0,max,651335.5,311697.2,1874935.5
CPS,2030,constant_growth,1,low,82.0,mid,63.5,midsize_mid,20.0,central,631039.5,211859.0,1812239.5
CPS,2030,constant_growth,1,low,82.0,mid,63.5,midsize_mid,20.0,min,631039.5,76289.6,1812239.5
CPS,2030,constant_growth,1,low,82.0,mid,63.5,midsize_mid,20.0,max,631039.5,346330.2,1812239.5
CPS,2030,constant_growth,1,low,82.0,mid,63.5,midsize_high,22.0,central,610743.5,233044.9,1749543.5
CPS,2030,constant_growth,1,low,82.0,mid,63.5,midsize_high,22.0,min,610743.5,83918.6,1749543.5
CPS,2030,constant_growth,1,low,82.0,mid,63.5,midsize_high,22.0,max,610743.5,380963.2,1749543.5
CPS,2030,constant_growth,1,low,82.0,mid,63.5,compact_mid,9.0,central,742667.5,95336.5,2157067.5
CPS,2030,constant_growth,1,low,82.0,mid,63.5,compact_mid,9.0,min,742667.5,34330.3,2157067.5
CPS,2030,constant_growth,1,low,82.0,mid,63.5,compact_mid,9.0,max,742667.5,155848.6,2157067.5
CPS,2030,constant_growth,1,low,82.0,mid,63.5,luxury_mid,27.5,central,554929.4,291306.1,1577129.4
CPS,2030,constant_growth,1,low,82.0,mid,63.5,luxury_mid,27.5,min,554929.4,104898.2,1577129.4
CPS,2030,constant_growth,1,low,82.0,mid,63.5,luxury_mid,27.5,max,554929.4,476204.0,1577129.4
CPS,2030,constant_growth,1,low,82.0,mid,63.5,hybrid_bound_mid,42.0,central,407783.3,444903.9,1122583.3
CPS,2030,constant_growth,1,low,82.0,mid,63.5,hybrid_bound_mid,42.0,min,407783.3,160208.2,1122583.3
CPS,2030,constant_growth,1,low,82.0,mid,63.5,hybrid_bound_mid,42.0,max,407783.3,727293.4,1122583.3
CPS,2030,constant_growth,1,low,82.0,high,68.0,midsize_low,18.0,central,650882.3,190673.1,1906882.3
CPS,2030,constant_growth,1,low,82.0,high,68.0,midsize_low,18.0,min,650882.3,68660.6,1906882.3
CPS,2030,constant_growth,1,low,82.0,high,68.0,midsize_low,18.0,max,650882.3,311697.2,1906882.3
CPS,2030,constant_growth,1,low,82.0,high,68.0,midsize_mid,20.0,central,630586.3,211859.0,1844186.3
CPS,2030,constant_growth,1,low,82.0,high,68.0,midsize_mid,20.0,min,630586.3,76289.6,1844186.3
CPS,2030,constant_growth,1,low,82.0,high,68.0,midsize_mid,20.0,max,630586.3,346330.2,1844186.3
CPS,2030,constant_growth,1,low,82.0,high,68.0,midsize_high,22.0,central,610290.3,233044.9,1781490.3
CPS,2030,constant_growth,1,low,82.0,high,68.0,midsize_high,22.0,min,610290.3,83918.6,1781490.3
CPS,2030,constant_growth,1,low,82.0,high,68.0,midsize_high,22.0,max,610290.3,380963.2,1781490.3
CPS,2030,constant_growth,1,low,82.0,high,68.0,compact_mid,9.0,central,742214.4,95336.5,2189014.4
CPS,2030,constant_growth,1,low,82.0,high,68.0,compact_mid,9.0,min,742214.4,34330.3,2189014.4
CPS,2030,constant_growth,1,low,82.0,high,68.0,compact_mid,9.0,max,742214.4,155848.6,2189014.4
CPS,2030,constant_growth,1,low,82.0,high,68.0,luxury_mid,27.5,central,554476.2,291306.1,1609076.2
CPS,2030,constant_growth,1,low,82.0,high,68.0,luxury_mid,27.5,min,554476.2,104898.2,1609076.2
CPS,2030,constant_growth,1,low,82.0,high,68.0,luxury_mid,27.5,max,554476.2,476204.0,1609076.2
CPS,2030,constant_growth,1,low,82.0,high,68.0,hybrid_bound_mid,42.0,central,407330.1,444903.9,1154530.1
CPS,2030,constant_growth,1,low,82.0,high,68.0,hybrid_bound_mid,42.0,min,407330.1,160208.2,1154530.1
CPS,2030,constant_growth,1,low,82.0,high,68.0,hybrid_bound_mid,42.0,max,407330.1,727293.4,1154530.1
CPS,2030,constant_growth,1,mid,86.5,low,59.0,midsize_low,18.0,central,697907.8,190673.1,1952107.8
CPS,2030,constant_growth,1,mid,86.5,low,59.0,midsize_low,18.0,min,697907.8,68660.6,1952107.8
CPS,2030,constant_growth,1,mid,86.5,low,59.0,midsize_low,18.0,max,697907.8,311697.2,1952107.8
CPS,2030,constant_growth,1,mid,86.5,low,59.0,midsize_mid,20.0,central,677611.8,211859.0,1889411.8
CPS,2030,constant_growth,1,mid,86.5,low,59.0,midsize_mid,20.0,min,677611.8,76289.6,1889411.8
CPS,2030,constant_growth,1,mid,86.5,low,59.0,midsize_mid,20.0,max,677611.8,346330.2,1889411.8
CPS,2030,constant_growth,1,mid,86.5,low,59.0,midsize_high,22.0,central,657315.8,233044.9,1826715.8
CPS,2030,constant_growth,1,mid,86.5,low,59.0,midsize_high,22.0,min,657315.8,83918.6,1826715.8
CPS,2030,constant_growth,1,mid,86.5,low,59.0,midsize_high,22.0,max,657315.8,380963.2,1826715.8
CPS,2030,constant_growth,1,mid,86.5,low,59.0,compact_mid,9.0,central,789239.9,95336.5,2234239.9
CPS,2030,constant_growth,1,mid,86.5,low,59.0,compact_mid,9.0,min,789239.9,34330.3,2234239.9
CPS,2030,constant_growth,1,mid,86.5,low,59.0,compact_mid,9.0,max,789239.9,155848.6,2234239.9
CPS,2030,constant_growth,1,mid,86.5,low,59.0,luxury_mid,27.5,central,601501.8,291306.1,1654301.8
CPS,2030,constant_growth,1,mid,86.5,low,59.0,luxury_mid,27.5,min,601501.8,104898.2,1654301.8
CPS,2030,constant_growth,1,mid,86.5,low,59.0,luxury_mid,27.5,max,601501.8,476204.0,1654301.8
CPS,2030,constant_growth,1,mid,86.5,low,59.0,hybrid_bound_mid,42.0,central,454355.7,444903.9,1199755.7
CPS,2030,constant_growth,1,mid,86.5,low,59.0,hybrid_bound_mid,42.0,min,454355.7,160208.2,1199755.7
CPS,2030,constant_growth,1,mid,86.5,low,59.0,hybrid_bound_mid,42.0,max,454355.7,727293.4,1199755.7
CPS,2030,constant_growth,1,mid,86.5,mid,63.5,midsize_low,18.0,central,697454.7,190673.1,1984054.7
CPS,2030,constant_growth,1,mid,86.5,mid,63.5,midsize_low,18.0,min,697454.7,68660.6,1984054.7
CPS,2030,constant_growth,1,mid,86.5,mid,63.5,midsize_low,18.0,max,697454.7,311697.2,1984054.7
CPS,2030,constant_growth,1,mid,86.5,mid,63.5,midsize_mid,20.0,central,677158.7,211859.0,1921358.7
CPS,2030,constant_growth,1,mid,86.5,mid,63.5,midsize_mid,20.0,min,677158.7,76289.6,1921358.7
CPS,2030,constant_growth,1,mid,86.5,mid,63.5,midsize_mid,20.0,max,677158.7,346330.2,1921358.7
CPS,2030,constant_growth,1,mid,86.5,mid,63.5,midsize_high,22.0,central,656862.7,233044.9,1858662.7
CPS,2030,constant_growth,1,mid,86.5,mid,63.5,midsize_high,22.0,min,656862.7,83918.6,1858662.7
CPS,2030,constant_growth,1,mid,86.5,mid,63.5,midsize_high,22.0,max,656862.7,380963.2,1858662.7
CPS,2030,constant_growth,1,mid,86.5,mid,63.5,compact_mid,9.0,central,788786.7,95336.5,2266186.7
CPS,2030,constant_growth,1,mid,86.5,mid,63.5,compact_mid,9.0,min,788786.7,34330.3,2266186.7
CPS,2030,constant_growth,1,mid,86.5,mid,63.5,compact_mid,9.0,max,788786.7,155848.6,2266186.7
CPS,2030,constant_growth,1,mid,86.5,mid,63.5,luxury_mid,27.5,central,601048.6,291306.1,1686248.6
CPS,2030,constant_growth,1,mid,86.5,mid,63.5,luxury_mid,27.5,min,601048.6,104898.2,1686248.6
CPS,2030,constant_growth,1,mid,86.5,mid,63.5,luxury_mid,27.5,max,601048.6,476204.0,1686248.6
CPS,2030,constant_growth,1,mid,86.5,mid,63.5,hybrid_bound_mid,42.0,central,453902.5,444903.9,1231702.5
CPS,2030,constant_growth,1,mid,86.5,mid,63.5,hybrid_bound_mid,42.0,min,453902.5,160208.2,1231702.5
CPS,2030,constant_growth,1,mid,86.5,mid,63.5,hybrid_bound_mid,42.0,max,453902.5,727293.4,1231702.5
CPS,2030,constant_growth,1,mid,86.5,high,68.0,midsize_low,18.0,central,697001.5,190673.1,2016001.5
CPS,2030,constant_growth,1,mid,86.5,high,68.0,midsize_low,18.0,min,697001.5,68660.6,2016001.5
CPS,2030,constant_growth,1,mid,86.5,high,68.0,midsize_low,18.0,max,697001.5,311697.2,2016001.5
CPS,2030,constant_growth,1,mid,86.5,high,68.0,midsize_mid,20.0,central,676705.5,211859.0,1953305.5
CPS,2030,constant_growth,1,mid,86.5,high,68.0,midsize_mid,20.0,min,676705.5,76289.6,1953305.5
CPS,2030,constant_growth,1,mid,86.5,high,68.0,midsize_mid,20.0,max,676705.5,346330.2,1953305.5
CPS,2030,constant_growth,1,mid,86.5,high,68.0,midsize_high,22.0,central,656409.5,233044.9,1890609.5
CPS,2030,constant_growth,1,mid,86.5,high,68.0,midsize_high,22.0,min,656409.5,83918.6,1890609.5
CPS,2030,constant_growth,1,mid,86.5,high,68.0,midsize_high,22.0,max,656409.5,380963.2,1890609.5
CPS,2030,constant_growth,1,mid,86.5,high,68.0,compact_mid,9.0,central,788333.6,95336.5,2298133.6
CPS,2030,constant_growth,1,mid,86.5,high,68.0,compact_mid,9.0,min,788333.6,34330.3,2298133.6
CPS,2030,constant_growth,1,mid,86.5,high,68.0,compact_mid,9.0,max,788333.6,155848.6,2298133.6
CPS,2030,constant_growth,1,mid,86.5,high,68.0,luxury_mid,27.5,central,600595.4,291306.1,1718195.4
CPS,2030,constant_growth,1,mid,86.5,high,68.0,luxury_mid,27.5,min,600595.4,104898.2,1718195.4
CPS,2030,constant_growth,1,mid,86.5,high,68.0,luxury_mid,27.5,max,600595.4,476204.0,1718195.4
CPS,2030,constant_growth,1,mid,86.5,high,68.0,hybrid_bound_mid,42.0,central,453449.3,444903.9,1263649.3
CPS,2030,constant_growth,1,mid,86.5,high,68.0,hybrid_bound_mid,42.0,min,453449.3,160208.2,1263649.3
CPS,2030,constant_growth,1,mid,86.5,high,68.0,hybrid_bound_mid,42.0,max,453449.3,727293.4,1263649.3
CPS,2030,constant_growth,1,high,91.0,low,59.0,midsize_low,18.0,central,744027.1,190673.1,2061227.1
CPS,2030,constant_growth,1,high,91.0,low,59.0,midsize_low,18.0,min,744027.1,68660.6,2061227.1
CPS,2030,constant_growth,1,high,91.0,low,59.0,midsize_low,18.0,max,744027.1,311697.2,2061227.1
CPS,2030,constant_growth,1,high,91.0,low,59.0,midsize_mid,20.0,central,723731.0,211859.0,1998531.0
CPS,2030,constant_growth,1,high,91.0,low,59.0,midsize_mid,20.0,min,723731.0,76289.6,1998531.0
CPS,2030,constant_growth,1,high,91.0,low,59.0,midsize_mid,20.0,max,723731.0,346330.2,1998531.0
CPS,2030,constant_growth,1,high,91.0,low,59.0,midsize_high,22.0,central,703435.0,233044.9,1935835.0
CPS,2030,constant_growth,1,high,91.0,low,59.0,midsize_high,22.0,min,703435.0,83918.6,1935835.0
CPS,2030,constant_growth,1,high,91.0,low,59.0,midsize_high,22.0,max,703435.0,380963.2,1935835.0
CPS,2030,constant_growth,1,high,91.0,low,59.0,compact_mid,9.0,central,835359.1,95336.5,2343359.1
CPS,2030,constant_growth,1,high,91.0,low,59.0,compact_mid,9.0,min,835359.1,34330.3,2343359.1
CPS,2030,constant_growth,1,high,91.0,low,59.0,compact_mid,9.0,max,835359.1,155848.6,2343359.1
CPS,2030,constant_growth,1,high,91.0,low,59.0,luxury_mid,27.5,central,647621.0,291306.1,1763421.0
CPS,2030,constant_growth,1,high,91.0,low,59.0,luxury_mid,27.5,min,647621.0,104898.2,1763421.0
CPS,2030,constant_growth,1,high,91.0,low,59.0,luxury_mid,27.5,max,647621.0,476204.0,1763421.0
CPS,2030,constant_growth,1,high,91.0,low,59.0,hybrid_bound_mid,42.0,central,500474.9,444903.9,1308874.9
CPS,2030,constant_growth,1,high,91.0,low,59.0,hybrid_bound_mid,42.0,min,500474.9,160208.2,1308874.9
CPS,2030,constant_growth,1,high,91.0,low,59.0,hybrid_bound_mid,42.0,max,500474.9,727293.4,1308874.9
CPS,2030,constant_growth,1,high,91.0,mid,63.5,midsize_low,18.0,central,743573.9,190673.1,2093173.9
CPS,2030,constant_growth,1,high,91.0,mid,63.5,midsize_low,18.0,min,743573.9,68660.6,2093173.9
CPS,2030,constant_growth,1,high,91.0,mid,63.5,midsize_low,18.0,max,743573.9,311697.2,2093173.9
CPS,2030,constant_growth,1,high,91.0,mid,63.5,midsize_mid,20.0,central,723277.9,211859.0,2030477.9
CPS,2030,constant_growth,1,high,91.0,mid,63.5,midsize_mid,20.0,min,723277.9,76289.6,2030477.9
CPS,2030,constant_growth,1,high,91.0,mid,63.5,midsize_mid,20.0,max,723277.9,346330.2,2030477.9
CPS,2030,constant_growth,1,high,91.0,mid,63.5,midsize_high,22.0,central,702981.9,233044.9,1967781.9
CPS,2030,constant_growth,1,high,91.0,mid,63.5,midsize_high,22.0,min,702981.9,83918.6,1967781.9
CPS,2030,constant_growth,1,high,91.0,mid,63.5,midsize_high,22.0,max,702981.9,380963.2,1967781.9
CPS,2030,constant_growth,1,high,91.0,mid,63.5,compact_mid,9.0,central,834905.9,95336.5,2375305.9
CPS,2030,constant_growth,1,high,91.0,mid,63.5,compact_mid,9.0,min,834905.9,34330.3,2375305.9
CPS,2030,constant_growth,1,high,91.0,mid,63.5,compact_mid,9.0,max,834905.9,155848.6,2375305.9
CPS,2030,constant_growth,1,high,91.0,mid,63.5,luxury_mid,27.5,central,647167.8,291306.1,1795367.8
CPS,2030,constant_growth,1,high,91.0,mid,63.5,luxury_mid,27.5,min,647167.8,104898.2,1795367.8
CPS,2030,constant_growth,1,high,91.0,mid,63.5,luxury_mid,27.5,max,647167.8,476204.0,1795367.8
CPS,2030,constant_growth,1,high,91.0,mid,63.5,hybrid_bound_mid,42.0,central,500021.7,444903.9,1340821.7
CPS,2030,constant_growth,1,high,91.0,mid,63.5,hybrid_bound_mid,42.0,min,500021.7,160208.2,1340821.7
CPS,2030,constant_growth,1,high,91.0,mid,63.5,hybrid_bound_mid,42.0,max,500021.7,727293.4,1340821.7
CPS,2030,constant_growth,1,high,91.0,high,68.0,midsize_low,18.0,central,743120.7,190673.1,2125120.7
CPS,2030,constant_growth,1,high,91.0,high,68.0,midsize_low,18.0,min,743120.7,68660.6,2125120.7
CPS,2030,constant_growth,1,high,91.0,high,68.0,midsize_low,18.0,max,743120.7,311697.2,2125120.7
CPS,2030,constant_growth,1,high,91.0,high,68.0,midsize_mid,20.0,central,722824.7,211859.0,2062424.7
CPS,2030,constant_growth,1,high,91.0,high,68.0,midsize_mid,20.0,min,722824.7,76289.6,2062424.7
CPS,2030,constant_growth,1,high,91.0,high,68.0,midsize_mid,20.0,max,722824.7,346330.2,2062424.7
CPS,2030,constant_growth,1,high,91.0,high,68.0,midsize_high,22.0,central,702528.7,233044.9,1999728.7
CPS,2030,constant_growth,1,high,91.0,high,68.0,midsize_high,22.0,min,702528.7,83918.6,1999728.7
CPS,2030,constant_growth,1,high,91.0,high,68.0,midsize_high,22.0,max,702528.7,380963.2,1999728.7
CPS,2030,constant_growth,1,high,91.0,high,68.0,compact_mid,9.0,central,834452.8,95336.5,2407252.8
CPS,2030,constant_growth,1,high,91.0,high,68.0,compact_mid,9.0,min,834452.8,34330.3,2407252.8
CPS,2030,constant_growth,1,high,91.0,high,68.0,compact_mid,9.0,max,834452.8,155848.6,2407252.8
CPS,2030,constant_growth,1,high,91.0,high,68.0,luxury_mid,27.5,central,646714.6,291306.1,1827314.6
CPS,2030,constant_growth,1,high,91.0,high,68.0,luxury_mid,27.5,min,646714.6,104898.2,1827314.6
CPS,2030,constant_growth,1,high,91.0,high,68.0,luxury_mid,27.5,max,646714.6,476204.0,1827314.6
CPS,2030,constant_growth,1,high,91.0,high,68.0,hybrid_bound_mid,42.0,central,499568.5,444903.9,1372768.5
CPS,2030,constant_growth,1,high,91.0,high,68.0,hybrid_bound_mid,42.0,min,499568.5,160208.2,1372768.5
CPS,2030,constant_growth,1,high,91.0,high,68.0,hybrid_bound_mid,42.0,max,499568.5,727293.4,1372768.5
CPS,2035,direct,0,low,82.0,low,59.0,midsize_low,18.0,central,1783800.0,405391.3,2975000.0
CPS,2035,direct,0,low,82.0,low,59.0,midsize_low,18.0,min,1783800.0,297827.5,2975000.0
CPS,2035,direct,0,low,82.0,low,59.0,midsize_low,18.0,max,1783800.0,511182.9,2975000.0
CPS,2035,direct,0,low,82.0,low,59.0,midsize_mid,20.0,central,1728200.0,450434.8,2877000.0
CPS,2035,direct,0,low,82.0,low,59.0,midsize_mid,20.0,min,1728200.0,330919.5,2877000.0
CPS,2035,direct,0,low,82.0,low,59.0,midsize_mid,20.0,max,1728200.0,567981.0,2877000.0
CPS,2035,direct,0,low,82.0,low,59.0,midsize_high,22.0,central,1672600.0,495478.3,2779000.0
CPS,2035,direct,0,low,82.0,low,59.0,midsize_high,22.0,min,1672600.0,364011.4,2779000.0
CPS,2035,direct,0,low,82.0,low,59.0,midsize_high,22.0,max,1672600.0,624779.1,2779000.0
CPS,2035,direct,0,low,82.0,low,59.0,compact_mid,9.0,central,2034000.0,202695.7,3416000.0
CPS,2035,direct,0,low,82.0,low,59.0,compact_mid,9.0,min,2034000.0,148913.8,3416000.0
CPS,2035,direct,0,low,82.0,low,59.0,compact_mid,9.0,max,2034000.0,255591.5,3416000.0
CPS,2035,direct,0,low,82.0,low,59.0,luxury_mid,27.5,central,1519700.0,619347.8,2509500.0
CPS,2035,direct,0,low,82.0,low,59.0,luxury_mid,27.5,min,1519700.0,455014.3,2509500.0
CPS,2035,direct,0,low,82.0,low,59.0,luxury_mid,27.5,max,1519700.0,780973.9,2509500.0
CPS,2035,direct,0,low,82.0,low,59.0,hybrid_bound_mid,42.0,central,1116600.0,945913.0,1799000.0
CPS,2035,direct,0,low,82.0,low,59.0,hybrid_bound_mid,42.0,min,1116600.0,694930.9,1799000.0
CPS,2035,direct,0,low,82.0,low,59.0,hybrid_bound_mid,42.0,max,1116600.0,1192760.2,1799000.0
CPS,2035,direct,0,low,82.0,mid,63.5,midsize_low,18.0,central,1782900.0,405391.3,3006500.0
CPS,2035,direct,0,low,82.0,mid,63.5,midsize_low,18.0,min,1782900.0,297827.5,3006500.0
CPS,2035,direct,0,low,82.0,mid,63.5,midsize_low,18.0,max,1782900.0,511182.9,3006500.0
CPS,2035,direct,0,low,82.0,mid,63.5,midsize_mid,20.0,central,1727300.0,450434.8,2908500.0
CPS,2035,direct,0,low,82.0,mid,63.5,midsize_mid,20.0,min,1727300.0,330919.5,2908500.0
CPS,2035,direct,0,low,82.0,mid,63.5,midsize_mid,20.0,max,1727300.0,567981.0,2908500.0
CPS,2035,direct,0,low,82.0,mid,63.5,midsize_high,22.0,central,1671700.0,495478.3,2810500.0
CPS,2035,direct,0,low,82.0,mid,63.5,midsize_high,22.0,min,1671700.0,364011.4,2810500.0
CPS,2035,direct,0,low,82.0,mid,63.5,midsize_high,22.0,max,1671700.0,624779.1,2810500.0
CPS,2035,direct,0,low,82.0,mid,63.5,compact_mid,9.0,central,2033100.0,202695.7,3447500.0
CPS,2035,direct,0,low,82.0,mid,63.5,compact_mid,9.0,min,2033100.0,148913.8,3447500.0
CPS,2035,direct,0,low,82.0,mid,63.5,compact_mid,9.0,max,2033100.0,255591.5,3447500.0
CPS,2035,direct,0,low,82.0,mid,63.5,luxury_mid,27.5,central,1518800.0,619347.8,2541000.0
CPS,2035,direct,0,low,82.0,mid,63.5,luxury_mid,27.5,min,1518800.0,455014.3,2541000.0
CPS,2035,direct,0,low,82.0,mid,63.5,luxury_mid,27.5,max,1518800.0,780973.9,2541000.0
CPS,2035,direct,0,low,82.0,mid,63.5,hybrid_bound_mid,42.0,central,1115700.0,945913.0,1830500.0
CPS,2035,direct,0,low,82.0,mid,63.5,hybrid_bound_mid,42.0,min,1115700.0,694930.9,1830500.0
CPS,2035,direct,0,low,82.0,mid,63.5,hybrid_bound_mid,42.0,max,1115700.0,1192760.2,1830500.0
CPS,2035,direct,0,low,82.0,high,68.0,midsize_low,18.0,central,1782000.0,405391.3,3038000.0
CPS,2035,direct,0,low,82.0,high,68.0,midsize_low,18.0,min,1782000.0,297827.5,3038000.0
CPS,2035,direct,0,low,82.0,high,68.0,midsize_low,18.0,max,1782000.0,511182.9,3038000.0
CPS,2035,direct,0,low,82.0,high,68.0,midsize_mid,20.0,central,1726400.0,450434.8,2940000.0
CPS,2035,direct,0,low,82.0,high,68.0,midsize_mid,20.0,min,1726400.0,330919.5,2940000.0
CPS,2035,direct,0,low,82.0,high,68.0,midsize_mid,20.0,max,1726400.0,567981.0,2940000.0
CPS,2035,direct,0,low,82.0,high,68.0,midsize_high,22.0,central,1670800.0,495478.3,2842000.0
CPS,2035,direct,0,low,82.0,high,68.0,midsize_high,22.0,min,1670800.0,364011.4,2842000.0
CPS,2035,direct,0,low,82.0,high,68.0,midsize_high,22.0,max,1670800.0,624779.1,2842000.0
CPS,2035,direct,0,low,82.0,high,68.0,compact_mid,9.0,central,2032200.0,202695.7,3479000.0
CPS,2035,direct,0,low,82.0,high,68.0,compact_mid,9.0,min,2032200.0,148913.8,3479000.0
CPS,2035,direct,0,low,82.0,high,68.0,compact_mid,9.0,max,2032200.0,255591.5,3479000.0
CPS,2035,direct,0,low,82.0,high,68.0,luxury_mid,27.5,central,1517900.0,619347.8,2572500.0
CPS,2035,direct,0,low,82.0,high,68.0,luxury_mid,27.5,min,1517900.0,455014.3,2572500.0
CPS,2035,direct,0,low,82.0,high,68.0,luxury_mid,27.5,max,1517900.0,780973.9,2572500.0
CPS,2035,direct,0,low,82.0,high,68.0,hybrid_bound_mid,42.0,central,1114800.0,945913.0,1862000.0
CPS,2035,direct,0,low,82.0,high,68.0,hybrid_bound_mid,42.0,min,1114800.0,694930.9,1862000.0
CPS,2035,direct,0,low,82.0,high,68.0,hybrid_bound_mid,42.0,max,1114800.0,1192760.2,1862000.0
CPS,2035,direct,0,mid,86.5,low,59.0,midsize_low,18.0,central,1909800.0,405391.3,3164000.0
CPS,2035,direct,0,mid,86.5,low,59.0,midsize_low,18.0,min,1909800.0,297827.5,3164000.0
CPS,2035,direct,0,mid,86.5,low,59.0,midsize_low,18.0,max,1909800.0,511182.9,3164000.0
CPS,2035,direct,0,mid,86.5,low,59.0,midsize_mid,20.0,central,1854200.0,450434.8,3066000.0
CPS,2035,direct,0,mid,86.5,low,59.0,midsize_mid,20.0,min,1854200.0,330919.5,3066000.0
CPS,2035,direct,0,mid,86.5,low,59.0,midsize_mid,20.0,max,1854200.0,567981.0,3066000.0
CPS,2035,direct,0,mid,86.5,low,59.0,midsize_high,22.0,central,1798600.0,495478.3,2968000.0
CPS,2035,direct,0,mid,86.5,low,59.0,midsize_high,22.0,min,1798600.0,364011.4,2968000.0
CPS,2035,direct,0,mid,86.5,low,59.0,midsize_high,22.0,max,1798600.0,624779.1,2968000.0
CPS,2035,direct,0,mid,86.5,low,59.0,compact_mid,9.0,central,2160000.0,202695.7,3605000.0
CPS,2035,direct,0,mid,86.5,low,59.0,compact_mid,9.0,min,2160000.0,148913.8,3605000.0
CPS,2035,direct,0,mid,86.5,low,59.0,compact_mid,9.0,max,2160000.0,255591.5,3605000.0
CPS,2035,direct,0,mid,86.5,low,59.0,luxury_mid,27.5,central,1645700.0,619347.8,2698500.0
CPS,2035,direct,0,mid,86.5,low,59.0,luxury_mid,27.5,min,1645700.0,455014.3,2698500.0
CPS,2035,direct,0,mid,86.5,low,59.0,luxury_mid,27.5,max,1645700.0,780973.9,2698500.0
CPS,2035,direct,0,mid,86.5,low,59.0,hybrid_bound_mid,42.0,central,1242600.0,945913.0,1988000.0
CPS,2035,direct,0,mid,86.5,low,59.0,hybrid_bound_mid,42.0,min,1242600.0,694930.9,1988000.0
CPS,2035,direct,0,mid,86.5,low,59.0,hybrid_bound_mid,42.0,max,1242600.0,1192760.2,1988000.0
CPS,2035,direct,0,mid,86.5,mid,63.5,midsize_low,18.0,central,1908900.0,405391.3,3195500.0
CPS,2035,direct,0,mid,86.5,mid,63.5,midsize_low,18.0,min,1908900.0,297827.5,3195500.0
CPS,2035,direct,0,mid,86.5,mid,63.5,midsize_low,18.0,max,1908900.0,511182.9,3195500.0
CPS,2035,direct,0,mid,86.5,mid,63.5,midsize_mid,20.0,central,1853300.0,450434.8,3097500.0
CPS,2035,direct,0,mid,86.5,mid,63.5,midsize_mid,20.0,min,1853300.0,330919.5,3097500.0
CPS,2035,direct,0,mid,86.5,mid,63.5,midsize_mid,20.0,max,1853300.0,567981.0,3097500.0
CPS,2035,direct,0,mid,86.5,mid,63.5,midsize_high,22.0,central,1797700.0,495478.3,2999500.0
CPS,2035,direct,0,mid,86.5,mid,63.5,midsize_high,22.0,min,1797700.0,364011.4,2999500.0
CPS,2035,direct,0,mid,86.5,mid,63.5,midsize_high,22.0,max,1797700.0,624779.1,2999500.0
CPS,2035,direct,0,mid,86.5,mid,63.5,compact_mid,9.0,central,2159100.0,202695.7,3636500.0
CPS,2035,direct,0,mid,86.5,mid,63.5,compact_mid,9.0,min,2159100.0,148913.8,3636500.0
CPS,2035,direct,0,mid,86.5,mid,63.5,compact_mid,9.0,max,2159100.0,255591.5,3636500.0
CPS,2035,direct,0,mid,86.5,mid,63.5,luxury_mid,27.5,central,1644800.0,619347.8,2730000.0
CPS,2035,direct,0,mid,86.5,mid,63.5,luxury_mid,27.5,min,1644800.0,455014.3,2730000.0
CPS,2035,direct,0,mid,86.5,mid,63.5,luxury_mid,27.5,max,1644800.0,780973.9,2730000.0
CPS,2035,direct,0,mid,86.5,mid,63.5,hybrid_bound_mid,42.0,central,1241700.0,945913.0,2019500.0
CPS,2035,direct,0,mid,86.5,mid,63.5,hybrid_bound_mid,42.0,min,1241700.0,694930.9,2019500.0
CPS,2035,direct,0,mid,86.5,mid,63.5,hybrid_bound_mid,42.0,max,1241700.0,1192760.2,2019500.0
CPS,2035,direct,0,mid,86.5,high,68.0,midsize_low,18.0,central,1908000.0,405391.3,3227000.0
CPS,2035,direct,0,mid,86.5,high,68.0,midsize_low,18.0,min,1908000.0,297827.5,3227000.0
CPS,2035,direct,0,mid,86.5,high,68.0,midsize_low,18.0,max,1908000.0,511182.9,3227000.0
CPS,2035,direct,0,mid,86.5,high,68.0,midsize_mid,20.0,central,1852400.0,450434.8,3129000.0
CPS,2035,direct,0,mid,86.5,high,68.0,midsize_mid,20.0,min,1852400.0,330919.5,3129000.0
CPS,2035,direct,0,mid,86.5,high,68.0,midsize_mid,20.0,max,1852400.0,567981.0,3129000.0
CPS,2035,direct,0,mid,86.5,high,68.0,midsize_high,22.0,central,1796800.0,495478.3,3031000.0
CPS,2035,direct,0,mid,86.5,high,68.0,midsize_high,22.0,min,1796800.0,364011.4,3031000.0
CPS,2035,direct,0,mid,86.5,high,68.0,midsize_high,22.0,max,1796800.0,624779.1,3031000.0
CPS,2035,direct,0,mid,86.5,high,68.0,compact_mid,9.0,central,2158200.0,202695.7,3668000.0
CPS,2035,direct,0,mid,86.5,high,68.0,compact_mid,9.0,min,2158200.0,148913.8,3668000.0
CPS,2035,direct,0,mid,86.5,high,68.0,compact_mid,9.0,max,2158200.0,255591.5,3668000.0
CPS,2035,direct,0,mid,86.5,high,68.0,luxury_mid,27.5,central,1643900.0,619347.8,2761500.0
CPS,2035,direct,0,mid,86.5,high,68.0,luxury_mid,27.5,min,1643900.0,455014.3,2761500.0
CPS,2035,direct,0,mid,86.5,high,68.0,luxury_mid,27.5,max,1643900.0,780973.9,2761500.0
CPS,2035,direct,0,mid,86.5,high,68.0,hybrid_bound_mid,42.0,central,1240800.0,945913.0,2051000.0
CPS,2035,direct,0,mid,86.5,high,68.0,hybrid_bound_mid,42.0,min,1240800.0,694930.9,2051000.0
CPS,2035,direct,0,mid,86.5,high,68.0,hybrid_bound_mid,42.0,max,1240800.0,1192760.2,2051000.0
CPS,2035,direct,0,high,91.0,low,59.0,midsize_low,18.0,central,2035800.0,405391.3,3353000.0
CPS,2035,direct,0,high,91.0,low,59.0,midsize_low,18.0,min,2035800.0,297827.5,3353000.0
CPS,2035,direct,0,high,91.0,low,59.0,midsize_low,18.0,max,2035800.0,511182.9,3353000.0
CPS,2035,direct,0,high,91.0,low,59.0,midsize_mid,20.0,central,1980200.0,450434.8,3255000.0
CPS,2035,direct,0,high,91.0,low,59.0,midsize_mid,20.0,min,1980200.0,330919.5,3255000.0
CPS,2035,direct,0,high,91.0,low,59.0,midsize_mid,20.0,max,1980200.0,567981.0,3255000.0
CPS,2035,direct,0,high,91.0,low,59.0,midsize_high,22.0,central,1924600.0,495478.3,3157000.0
CPS,2035,direct,0,high,91.0,low,59.0,midsize_high,22.0,min,1924600.0,364011.4,3157000.0
CPS,2035,direct,0,high,91.0,low,59.0,midsize_high,22.0,max,1924600.0,624779.1,3157000.0
CPS,2035,direct,0,high,91.0,low,59.0,compact_mid,9.0,central,2286000.0,202695.7,3794000.0
CPS,2035,direct,0,high,91.0,low,59.0,compact_mid,9.0,min,2286000.0,148913.8,3794000.0
CPS,2035,direct,0,high,91.0,low,59.0,compact_mid,9.0,max,2286000.0,255591.5,3794000.0
CPS,2035,direct,0,high,91.0,low,59.0,luxury_mid,27.5,central,1771700.0,619347.8,2887500.0
CPS,2035,direct,0,high,91.0,low,59.0,luxury_mid,27.5,min,1771700.0,455014.3,2887500.0
CPS,2035,direct,0,high,91.0,low,59.0,luxury_mid,27.5,max,1771700.0,780973.9,2887500.0
CPS,2035,direct,0,high,91.0,low,59.0,hybrid_bound_mid,42.0,central,1368600.0,945913.0,2177000.0
CPS,2035,direct,0,high,91.0,low,59.0,hybrid_bound_mid,42.0,min,1368600.0,694930.9,2177000.0
CPS,2035,direct,0,high,91.0,low,59.0,hybrid_bound_mid,42.0,max,1368600.0,1192760.2,2177000.0
CPS,2035,direct,0,high,91.0,mid,63.5,midsize_low,18.0,central,2034900.0,405391.3,3384500.0
CPS,2035,direct,0,high,91.0,mid,63.5,midsize_low,18.0,min,2034900.0,297827.5,3384500.0
CPS,2035,direct,0,high,91.0,mid,63.5,midsize_low,18.0,max,2034900.0,511182.9,3384500.0
CPS,2035,direct,0,high,91.0,mid,63.5,midsize_mid,20.0,central,1979300.0,450434.8,3286500.0
CPS,2035,direct,0,high,91.0,mid,63.5,midsize_mid,20.0,min,1979300.0,330919.5,3286500.0
CPS,2035,direct,0,high,91.0,mid,63.5,midsize_mid,20.0,max,1979300.0,567981.0,3286500.0
CPS,2035,direct,0,high,91.0,mid,63.5,midsize_high,22.0,central,1923700.0,495478.3,3188500.0
CPS,2035,direct,0,high,91.0,mid,63.5,midsize_high,22.0,min,1923700.0,364011.4,3188500.0
CPS,2035,direct,0,high,91.0,mid,63.5,midsize_high,22.0,max,1923700.0,624779.1,3188500.0
CPS,2035,direct,0,high,91.0,mid,63.5,compact_mid,9.0,central,2285100.0,202695.7,3825500.0
CPS,2035,direct,0,high,91.0,mid,63.5,compact_mid,9.0,min,2285100.0,148913.8,3825500.0
CPS,2035,direct,0,high,91.0,mid,63.5,compact_mid,9.0,max,2285100.0,255591.5,3825500.0
CPS,2035,direct,0,high,91.0,mid,63.5,luxury_mid,27.5,central,1770800.0,619347.8,2919000.0
CPS,2035,direct,0,high,91.0,mid,63.5,luxury_mid,27.5,min,1770800.0,455014.3,2919000.0
CPS,2035,direct,0,high,91.0,mid,63.5,luxury_mid,27.5,max,1770800.0,780973.9,2919000.0
CPS,2035,direct,0,high,91.0,mid,63.5,hybrid_bound_mid,42.0,central,1367700.0,945913.0,2208500.0
CPS,2035,direct,0,high,91.0,mid,63.5,hybrid_bound_mid,42.0,min,1367700.0,694930.9,2208500.0
CPS,2035,direct,0,high,91.0,mid,63.5,hybrid_bound_mid,42.0,max,1367700.0,1192760.2,2208500.0
CPS,2035,direct,0,high,91.0,high,68.0,midsize_low,18.0,central,2034000.0,405391.3,3416000.0
CPS,2035,direct,0,high,91.0,high,68.0,midsize_low,18.0,min,2034000.0,297827.5,3416000.0
CPS,2035,direct,0,high,91.0,high,68.0,midsize_low,18.0,max,2034000.0,511182.9,3416000.0
CPS,2035,direct,0,high,91.0,high,68.0,midsize_mid,20.0,central,1978400.0,450434.8,3318000.0
CPS,2035,direct,0,high,91.0,high,68.0,midsize_mid,20.0,min,1978400.0,330919.5,3318000.0
CPS,2035,direct,0,high,91.0,high,68.0,midsize_mid,20.0,max,1978400.0,567981.0,3318000.0
CPS,2035,direct,0,high,91.0,high,68.0,midsize_high,22.0,central,1922800.0,495478.3,3220000.0
CPS,2035,direct,0,high,91.0,high,68.0,midsize_high,22.0,min,1922800.0,364011.4,3220000.0
CPS,2035,direct,0,high,91.0,high,68.0,midsize_high,22.0,max,1922800.0,624779.1,3220000.0
CPS,2035,direct,0,high,91.0,high,68.0,compact_mid,9.0,central,2284200.0,202695.7,3857000.0
CPS,2035,direct,0,high,91.0,high,68.0,compact_mid,9.0,min,2284200.0,148913.8,3857000.0
CPS,2035,direct,0,high,91.0,high,68.0,compact_mid,9.0,max,2284200.0,255591.5,3857000.0
CPS,2035,direct,0,high,91.0,high,68.0,luxury_mid,27.5,central,1769900.0,619347.8,2950500.0
CPS,2035,direct,0,high,91.0,high,68.0,luxury_mid,27.5,min,1769900.0,455014.3,2950500.0
CPS,2035,direct,0,high,91.0,high,68.0,luxury_mid,27.5,max,1769900.0,780973.9,2950500.0
CPS,2035,direct,0,high,91.0,high,68.0,hybrid_bound_mid,42.0,central,1366800.0,945913.0,2240000.0
CPS,2035,direct,0,high,91.0,high,68.0,hybrid_bound_mid,42.0,min,1366800.0,694930.9,2240000.0
CPS,2035,direct,0,high,91.0,high,68.0,hybrid_bound_mid,42.0,max,1366800.0,1192760.2,2240000.0
CPS,2030,linear,1,low,82.0,low,59.0,midsize_low,18.0,central,891900.0,262647.9,2083100.0
CPS,2030,linear,1,low,82.0,low,59.0,midsize_low,18.0,min,891900.0,145408.2,2083100.0
CPS,2030,linear,1,low,82.0,low,59.0,midsize_low,18.0,max,891900.0,378655.5,2083100.0
CPS,2030,linear,1,low,82.0,low,59.0,midsize_mid,20.0,central,864100.0,291831.0,2012900.0
CPS,2030,linear,1,low,82.0,low,59.0,midsize_mid,20.0,min,864100.0,161564.6,2012900.0
CPS,2030,linear,1,low,82.0,low,59.0,midsize_mid,20.0,max,864100.0,420728.3,2012900.0
CPS,2030,linear,1,low,82.0,low,59.0,midsize_high,22.0,central,836300.0,321014.1,1942700.0
CPS,2030,linear,1,low,82.0,low,59.0,midsize_high,22.0,min,836300.0,177721.1,1942700.0
CPS,2030,linear,1,low,82.0,low,59.0,midsize_high,22.0,max,836300.0,462801.1,1942700.0
CPS,2030,linear,1,low,82.0,low,59.0,compact_mid,9.0,central,1017000.0,131323.9,2399000.0
CPS,2030,linear,1,low,82.0,low,59.0,compact_mid,9.0,min,1017000.0,72704.1,2399000.0
CPS,2030,linear,1,low,82.0,low,59.0,compact_mid,9.0,max,1017000.0,189327.7,2399000.0
CPS,2030,linear,1,low,82.0,low,59.0,luxury_mid,27.5,central,759850.0,401267.6,1749650.0
CPS,2030,linear,1,low,82.0,low,59.0,luxury_mid,27.5,min,759850.0,222151.4,1749650.0
CPS,2030,linear,1,low,82.0,low,59.0,luxury_mid,27.5,max,759850.0,578501.4,1749650.0
CPS,2030,linear,1,low,82.0,low,59.0,hybrid_bound_mid,42.0,central,558300.0,612845.1,1240700.0
CPS,2030,linear,1,low,82.0,low,59.0,hybrid_bound_mid,42.0,min,558300.0,339285.7,1240700.0
CPS,2030,linear,1,low,82.0,low,59.0,hybrid_bound_mid,42.0,max,558300.0,883529.4,1240700.0
CPS,2030,linear,1,low,82.0,mid,63.5,midsize_low,18.0,central,891450.0,262647.9,2115050.0
CPS,2030,linear,1,low,82.0,mid,63.5,midsize_low,18.0,min,891450.0,145408.2,2115050.0
CPS,2030,linear,1,low,82.0,mid,63.5,midsize_low,18.0,max,891450.0,378655.5,2115050.0
CPS,2030,linear,1,low,82.0,mid,63.5,midsize_mid,20.0,central,863650.0,291831.0,2044850.0
CPS,2030,linear,1,low,82.0,mid,63.5,midsize_mid,20.0,min,863650.0,161564.6,2044850.0
CPS,2030,linear,1,low,82.0,mid,63.5,midsize_mid,20.0,max,863650.0,420728.3,2044850.0
CPS,2030,linear,1,low,82.0,mid,63.5,midsize_high,22.0,central,835850.0,321014.1,1974650.0
CPS,2030,linear,1,low,82.0,mid,63.5,midsize_high,22.0,min,835850.0,177721.1,1974650.0
CPS,2030,linear,1,low,82.0,mid,63.5,midsize_high,22.0,max,835850.0,462801.1,1974650.0
CPS,2030,linear,1,low,82.0,mid,63.5,compact_mid,9.0,central,1016550.0,131323.9,2430950.0
CPS,2030,linear,1,low,82.0,mid,63.5,compact_mid,9.0,min,1016550.0,72704.1,2430950.0
CPS,2030,linear,1,low,82.0,mid,63.5,compact_mid,9.0,max,1016550.0,189327.7,2430950.0
CPS,2030,linear,1,low,82.0,mid,63.5,luxury_mid,27.5,central,759400.0,401267.6,1781600.0
CPS,2030,linear,1,low,82.0,mid,63.5,luxury_mid,27.5,min,759400.0,222151.4,1781600.0
CPS,2030,linear,1,low,82.0,mid,63.5,luxury_mid,27.5,max,759400.0,578501.4,1781600.0
CPS,2030,linear,1,low,82.0,mid,63.5,hybrid_bound_mid,42.0,central,557850.0,612845.1,1272650.0
CPS,2030,linear,1,low,82.0,mid,63.5,hybrid_bound_mid,42.0,min,557850.0,339285.7,1272650.0
CPS,2030,linear,1,low,82.0,mid,63.5,hybrid_bound_mid,42.0,max,557850.0,883529.4,1272650.0
CPS,2030,linear,1,low,82.0,high,68.0,midsize_low,18.0,central,891000.0,262647.9,2147000.0
CPS,2030,linear,1,low,82.0,high,68.0,midsize_low,18.0,min,891000.0,145408.2,2147000.0
CPS,2030,linear,1,low,82.0,high,68.0,midsize_low,18.0,max,891000.0,378655.5,2147000.0
CPS,2030,linear,1,low,82.0,high,68.0,midsize_mid,20.0,central,863200.0,291831.0,2076800.0
CPS,2030,linear,1,low,82.0,high,68.0,midsize_mid,20.0,min,863200.0,161564.6,2076800.0
CPS,2030,linear,1,low,82.0,high,68.0,midsize_mid,20.0,max,863200.0,420728.3,2076800.0
CPS,2030,linear,1,low,82.0,high,68.0,midsize_high,22.0,central,835400.0,321014.1,2006600.0
CPS,2030,linear,1,low,82.0,high,68.0,midsize_high,22.0,min,835400.0,177721.1,2006600.0
CPS,2030,linear,1,low,82.0,high,68.0,midsize_high,22.0,max,835400.0,462801.1,2006600.0
CPS,2030,linear,1,low,82.0,high,68.0,compact_mid,9.0,central,1016100.0,131323.9,2462900.0
CPS,2030,linear,1,low,82.0,high,68.0,compact_mid,9.0,min,1016100.0,72704.1,2462900.0
CPS,2030,linear,1,low,82.0,high,68.0,compact_mid,9.0,max,1016100.0,189327.7,2462900.0
CPS,2030,linear,1,low,82.0,high,68.0,luxury_mid,27.5,central,758950.0,401267.6,1813550.0
CPS,2030,linear,1,low,82.0,high,68.0,luxury_mid,27.5,min,758950.0,222151.4,1813550.0
CPS,2030,linear,1,low,82.0,high,68.0,luxury_mid,27.5,max,758950.0,578501.4,1813550.0
CPS,2030,linear,1,low,82.0,high,68.0,hybrid_bound_mid,42.0,central,557400.0,612845.1,1304600.0
CPS,2030,linear,1,low,82.0,high,68.0,hybrid_bound_mid,42.0,min,557400.0,339285.7,1304600.0
CPS,2030,linear,1,low,82.0,high,68.0,hybrid_bound_mid,42.0,max,557400.0,883529.4,1304600.0
CPS,2030,linear,1,mid,86.5,low,59.0,midsize_low,18.0,central,954900.0,262647.9,2209100.0
CPS,2030,linear,1,mid,86.5,low,59.0,midsize_low,18.0,min,954900.0,145408.2,2209100.0
CPS,2030,linear,1,mid,86.5,low,59.0,midsize_low,18.0,max,954900.0,378655.5,2209100.0
CPS,2030,linear,1,mid,86.5,low,59.0,midsize_mid,20.0,central,927100.0,291831.0,2138900.0
CPS,2030,linear,1,mid,86.5,low,59.0,midsize_mid,20.0,min,927100.0,161564.6,2138900.0
CPS,2030,linear,1,mid,86.5,low,59.0,midsize_mid,20.0,max,927100.0,420728.3,2138900.0
CPS,2030,linear,1,mid,86.5,low,59.0,midsize_high,22.0,central,899300.0,321014.1,2068700.0
CPS,2030,linear,1,mid,86.5,low,59.0,midsize_high,22.0,min,899300.0,177721.1,2068700.0
CPS,2030,linear,1,mid,86.5,low,59.0,midsize_high,22.0,max,899300.0,462801.1,2068700.0
CPS,2030,linear,1,mid,86.5,low,59.0,compact_mid,9.0,central,1080000.0,131323.9,2525000.0
CPS,2030,linear,1,mid,86.5,low,59.0,compact_mid,9.0,min,1080000.0,72704.1,2525000.0
CPS,2030,linear,1,mid,86.5,low,59.0,compact_mid,9.0,max,1080000.0,189327.7,2525000.0
CPS,2030,linear,1,mid,86.5,low,59.0,luxury_mid,27.5,central,822850.0,401267.6,1875650.0
CPS,2030,linear,1,mid,86.5,low,59.0,luxury_mid,27.5,min,822850.0,222151.4,1875650.0
CPS,2030,linear,1,mid,86.5,low,59.0,luxury_mid,27.5,max,822850.0,578501.4,1875650.0
CPS,2030,linear,1,mid,86.5,low,59.0,hybrid_bound_mid,42.0,central,621300.0,612845.1,1366700.0
CPS,2030,linear,1,mid,86.5,low,59.0,hybrid_bound_mid,42.0,min,621300.0,339285.7,1366700.0
CPS,2030,linear,1,mid,86.5,low,59.0,hybrid_bound_mid,42.0,max,621300.0,883529.4,1366700.0
CPS,2030,linear,1,mid,86.5,mid,63.5,midsize_low,18.0,central,954450.0,262647.9,2241050.0
CPS,2030,linear,1,mid,86.5,mid,63.5,midsize_low,18.0,min,954450.0,145408.2,2241050.0
CPS,2030,linear,1,mid,86.5,mid,63.5,midsize_low,18.0,max,954450.0,378655.5,2241050.0
CPS,2030,linear,1,mid,86.5,mid,63.5,midsize_mid,20.0,central,926650.0,291831.0,2170850.0
CPS,2030,linear,1,mid,86.5,mid,63.5,midsize_mid,20.0,min,926650.0,161564.6,2170850.0
CPS,2030,linear,1,mid,86.5,mid,63.5,midsize_mid,20.0,max,926650.0,420728.3,2170850.0
CPS,2030,linear,1,mid,86.5,mid,63.5,midsize_high,22.0,central,898850.0,321014.1,2100650.0
CPS,2030,linear,1,mid,86.5,mid,63.5,midsize_high,22.0,min,898850.0,177721.1,2100650.0
CPS,2030,linear,1,mid,86.5,mid,63.5,midsize_high,22.0,max,898850.0,462801.1,2100650.0
CPS,2030,linear,1,mid,86.5,mid,63.5,compact_mid,9.0,central,1079550.0,131323.9,2556950.0
CPS,2030,linear,1,mid,86.5,mid,63.5,compact_mid,9.0,min,1079550.0,72704.1,2556950.0
CPS,2030,linear,1,mid,86.5,mid,63.5,compact_mid,9.0,max,1079550.0,189327.7,2556950.0
CPS,2030,linear,1,mid,86.5,mid,63.5,luxury_mid,27.5,central,822400.0,401267.6,1907600.0
CPS,2030,linear,1,mid,86.5,mid,63.5,luxury_mid,27.5,min,822400.0,222151.4,1907600.0
CPS,2030,linear,1,mid,86.5,mid,63.5,luxury_mid,27.5,max,822400.0,578501.4,1907600.0
CPS,2030,linear,1,mid,86.5,mid,63.5,hybrid_bound_mid,42.0,central,620850.0,612845.1,1398650.0
CPS,2030,linear,1,mid,86.5,mid,63.5,hybrid_bound_mid,42.0,min,620850.0,339285.7,1398650.0
CPS,2030,linear,1,mid,86.5,mid,63.5,hybrid_bound_mid,42.0,max,620850.0,883529.4,1398650.0
CPS,2030,linear,1,mid,86.5,high,68.0,midsize_low,18.0,central,954000.0,262647.9,2273000.0
CPS,2030,linear,1,mid,86.5,high,68.0,midsize_low,18.0,min,954000.0,145408.2,2273000.0
CPS,2030,linear,1,mid,86.5,high,68.0,midsize_low,18.0,max,954000.0,378655.5,2273000.0
CPS,2030,linear,1,mid,86.5,high,68.0,midsize_mid,20.0,central,926200.0,291831.0,2202800.0
CPS,2030,linear,1,mid,86.5,high,68.0,midsize_mid,20.0,min,926200.0,161564.6,2202800.0
CPS,2030,linear,1,mid,86.5,high,68.0,midsize_mid,20.0,max,926200.0,420728.3,2202800.0
CPS,2030,linear,1,mid,86.5,high,68.0,midsize_high,22.0,central,898400.0,321014.1,2132600.0
CPS,2030,linear,1,mid,86.5,high,68.0,midsize_high,22.0,min,898400.0,177721.1,2132600.0
CPS,2030,linear,1,mid,86.5,high,68.0,midsize_high,22.0,max,898400.0,462801.1,2132600.0
CPS,2030,linear,1,mid,86.5,high,68.0,compact_mid,9.0,central,1079100.0,131323.9,2588900.0
CPS,2030,linear,1,mid,86.5,high,68.0,compact_mid,9.0,min,1079100.0,72704.1,2588900.0
CPS,2030,linear,1,mid,86.5,high,68.0,compact_mid,9.0,max,1079100.0,189327.7,2588900.0
CPS,2030,linear,1,mid,86.5,high,68.0,luxury_mid,27.5,central,821950.0,401267.6,1939550.0
CPS,2030,linear,1,mid,86.5,high,68.0,luxury_mid,27.5,min,821950.0,222151.4,1939550.0
CPS,2030,linear,1,mid,86.5,high,68.0,luxury_mid,27.5,max,821950.0,578501.4,1939550.0
CPS,2030,linear,1,mid,86.5,high,68.0,hybrid_bound_mid,42.0,central,620400.0,612845.1,1430600.0
CPS,2030,linear,1,mid,86.5,high,68.0,hybrid_bound_mid,42.0,min,620400.0,339285.7,1430600.0
CPS,2030,linear,1,mid,86.5,high,68.0,hybrid_bound_mid,42.0,max,620400.0,883529.4,1430600.0
CPS,2030,linear,1,high,91.0,low,59.0,midsize_low,18.0,central,1017900.0,262647.9,2335100.0
CPS,2030,linear,1,high,91.0,low,59.0,midsize_low,18.0,min,1017900.0,145408.2,2335100.0
CPS,2030,linear,1,high,91.0,low,59.0,midsize_low,18.0,max,1017900.0,378655.5,2335100.0
CPS,2030,linear,1,high,91.0,low,59.0,midsize_mid,20.0,central,990100.0,291831.0,2264900.0
CPS,2030,linear,1,high,91.0,low,59.0,midsize_mid,20.0,min,990100.0,161564.6,2264900.0
CPS,2030,linear,1,high,91.0,low,59.0,midsize_mid,20.0,max,990100.0,420728.3,2264900.0
CPS,2030,linear,1,high,91.0,low,59.0,midsize_high,22.0,central,962300.0,321014.1,2194700.0
CPS,2030,linear,1,high,91.0,low,59.0,midsize_high,22.0,min,962300.0,177721.1,2194700.0
CPS,2030,linear,1,high,91.0,low,59.0,midsize_high,22.0,max,962300.0,462801.1,2194700.0
CPS,2030,linear,1,high,91.0,low,59.0,compact_mid,9.0,central,1143000.0,131323.9,2651000.0
CPS,2030,linear,1,high,91.0,low,59.0,compact_mid,9.0,min,1143000.0,72704.1,2651000.0
CPS,2030,linear,1,high,91.0,low,59.0,compact_mid,9.0,max,1143000.0,189327.7,2651000.0
CPS,2030,linear,1,high,91.0,low,59.0,luxury_mid,27.5,central,885850.0,401267.6,2001650.0
CPS,2030,linear,1,high,91.0,low,59.0,luxury_mid,27.5,min,885850.0,222151.4,2001650.0
CPS,2030,linear,1,high,91.0,low,59.0,luxury_mid,27.5,max,885850.0,578501.4,2001650.0
CPS,2030,linear,1,high,91.0,low,59.0,hybrid_bound_mid,42.0,central,684300.0,612845.1,1492700.0
CPS,2030,linear,1,high,91.0,low,59.0,hybrid_bound_mid,42.0,min,684300.0,339285.7,1492700.0
CPS,2030,linear,1,high,91.0,low,59.0,hybrid_bound_mid,42.0,max,684300.0,883529.4,1492700.0
CPS,2030,linear,1,high,91.0,mid,63.5,midsize_low,18.0,central,1017450.0,262647.9,2367050.0
CPS,2030,linear,1,high,91.0,mid,63.5,midsize_low,18.0,min,1017450.0,145408.2,2367050.0
CPS,2030,linear,1,high,91.0,mid,63.5,midsize_low,18.0,max,1017450.0,378655.5,2367050.0
CPS,2030,linear,1,high,91.0,mid,63.5,midsize_mid,20.0,central,989650.0,291831.0,2296850.0
CPS,2030,linear,1,high,91.0,mid,63.5,midsize_mid,20.0,min,989650.0,161564.6,2296850.0
CPS,2030,linear,1,high,91.0,mid,63.5,midsize_mid,20.0,max,989650.0,420728.3,2296850.0
CPS,2030,linear,1,high,91.0,mid,63.5,midsize_high,22.0,central,961850.0,321014.1,2226650.0
CPS,2030,linear,1,high,91.0,mid,63.5,midsize_high,22.0,min,961850.0,177721.1,2226650.0
CPS,2030,linear,1,high,91.0,mid,63.5,midsize_high,22.0,max,961850.0,462801.1,2226650.0
CPS,2030,linear,1,high,91.0,mid,63.5,compact_mid,9.0,central,1142550.0,131323.9,2682950.0
CPS,2030,linear,1,high,91.0,mid,63.5,compact_mid,9.0,min,1142550.0,72704.1,2682950.0
CPS,2030,linear,1,high,91.0,mid,63.5,compact_mid,9.0,max,1142550.0,189327.7,2682950.0
CPS,2030,linear,1,high,91.0,mid,63.5,luxury_mid,27.5,central,885400.0,401267.6,2033600.0
CPS,2030,linear,1,high,91.0,mid,63.5,luxury_mid,27.5,min,885400.0,222151.4,2033600.0
CPS,2030,linear,1,high,91.0,mid,63.5,luxury_mid,27.5,max,885400.0,578501.4,2033600.0
CPS,2030,linear,1,high,91.0,mid,63.5,hybrid_bound_mid,42.0,central,683850.0,612845.1,1524650.0
CPS,2030,linear,1,high,91.0,mid,63.5,hybrid_bound_mid,42.0,min,683850.0,339285.7,1524650.0
CPS,2030,linear,1,high,91.0,mid,63.5,hybrid_bound_mid,42.0,max,683850.0,883529.4,1524650.0
CPS,2030,linear,1,high,91.0,high,68.0,midsize_low,18.0,central,1017000.0,262647.9,2399000.0
CPS,2030,linear,1,high,91.0,high,68.0,midsize_low,18.0,min,1017000.0,145408.2,2399000.0
CPS,2030,linear,1,high,91.0,high,68.0,midsize_low,18.0,max,1017000.0,378655.5,2399000.0
CPS,2030,linear,1,high,91.0,high,68.0,midsize_mid,20.0,central,989200.0,291831.0,2328800.0
CPS,2030,linear,1,high,91.0,high,68.0,midsize_mid,20.0,min,989200.0,161564.6,2328800.0
CPS,2030,linear,1,high,91.0,high,68.0,midsize_mid,20.0,max,989200.0,420728.3,2328800.0
CPS,2030,linear,1,high,91.0,high,68.0,midsize_high,22.0,central,961400.0,321014.1,2258600.0
CPS,2030,linear,1,high,91.0,high,68.0,midsize_high,22.0,min,961400.0,177721.1,2258600.0
CPS,2030,linear,1,high,91.0,high,68.0,midsize_high,22.0,max,961400.0,462801.1,2258600.0
CPS,2030,linear,1,high,91.0,high,68.0,compact_mid,9.0,central,1142100.0,131323.9,2714900.0
CPS,2030,linear,1,high,91.0,high,68.0,compact_mid,9.0,min,1142100.0,72704.1,2714900.0
CPS,2030,linear,1,high,91.0,high,68.0,compact_mid,9.0,max,1142100.0,189327.7,2714900.0
CPS,2030,linear,1,high,91.0,high,68.0,luxury_mid,27.5,central,884950.0,401267.6,2065550.0
CPS,2030,linear,1,high,91.0,high,68.0,luxury_mid,27.5,min,884950.0,222151.4,2065550.0
CPS,2030,linear,1,high,91.0,high,68.0,luxury_mid,27.5,max,884950.0,578501.4,2065550.0
CPS,2030,linear,1,high,91.0,high,68.0,hybrid_bound_mid,42.0,central,683400.0,612845.1,1556600.0
CPS,2030,linear,1,high,91.0,high,68.0,hybrid_bound_mid,42.0,min,683400.0,339285.7,1556600.0
CPS,2030,linear,1,high,91.0,high,68.0,hybrid_bound_mid,42.0,max,683400.0,883529.4,1556600.0
STEPS,2030,constant_growth,1,low,82.0,low,59.0,midsize_low,18.0,central,761142.9,168565.9,1952342.9
STEPS,2030,constant_growth,1,low,82.0,low,59.0,midsize_low,18.0,min,761142.9,49331.7,1952342.9
STEPS,2030,constant_growth,1,low,82.0,low,59.0,midsize_low,18.0,max,761142.9,286647.5,1952342.9
STEPS,2030,constant_growth,1,low,82.0,low,59.0,midsize_mid,20.0,central,736778.6,187295.5,1885578.6
STEPS,2030,constant_growth,1,low,82.0,low,59.0,midsize_mid,20.0,min,736778.6,54813.0,1885578.6
STEPS,2030,constant_growth,1,low,82.0,low,59.0,midsize_mid,20.0,max,736778.6,318497.2,1885578.6
STEPS,2030,constant_growth,1,low,82.0,low,59.0,midsize_high,22.0,central,712414.2,206025.0,1818814.2
STEPS,2030,constant_growth,1,low,82.0,low,59.0,midsize_high,22.0,min,712414.2,60294.3,1818814.2
STEPS,2030,constant_growth,1,low,82.0,low,59.0,midsize_high,22.0,max,712414.2,350346.9,1818814.2
STEPS,2030,constant_growth,1,low,82.0,low,59.0,compact_mid,9.0,central,870782.2,84283.0,2252782.2
STEPS,2030,constant_growth,1,low,82.0,low,59.0,compact_mid,9.0,min,870782.2,24665.9,2252782.2
STEPS,2030,constant_growth,1,low,82.0,low,59.0,compact_mid,9.0,max,870782.2,143323.7,2252782.2
STEPS,2030,constant_growth,1,low,82.0,low,59.0,luxury_mid,27.5,central,645412.4,257531.3,1635212.4
STEPS,2030,constant_growth,1,low,82.0,low,59.0,luxury_mid,27.5,min,645412.4,75367.9,1635212.4
STEPS,2030,constant_growth,1,low,82.0,low,59.0,luxury_mid,27.5,max,645412.4,437933.7,1635212.4
STEPS,2030,constant_growth,1,low,82.0,low,59.0,hybrid_bound_mid,42.0,central,468771.2,393320.5,1151171.2
STEPS,2030,constant_growth,1,low,82.0,low,59.0,hybrid_bound_mid,42.0,min,468771.2,115107.4,1151171.2
STEPS,2030,constant_growth,1,low,82.0,low,59.0,hybrid_bound_mid,42.0,max,468771.2,668844.2,1151171.2
STEPS,2030,constant_growth,1,low,82.0,mid,63.5,midsize_low,18.0,central,764765.4,168565.9,1988365.4
STEPS,2030,constant_growth,1,low,82.0,mid,63.5,midsize_low,18.0,min,764765.4,49331.7,1988365.4
STEPS,2030,constant_growth,1,low,82.0,mid,63.5,midsize_low,18.0,max,764765.4,286647.5,1988365.4
STEPS,2030,constant_growth,1,low,82.0,mid,63.5,midsize_mid,20.0,central,740401.0,187295.5,1921601.0
STEPS,2030,constant_growth,1,low,82.0,mid,63.5,midsize_mid,20.0,min,740401.0,54813.0,1921601.0
STEPS,2030,constant_growth,1,low,82.0,mid,63.5,midsize_mid,20.0,max,740401.0,318497.2,1921601.0
STEPS,2030,constant_growth,1,low,82.0,mid,63.5,midsize_high,22.0,central,716036.7,206025.0,1854836.7
STEPS,2030,constant_growth,1,low,82.0,mid,63.5,midsize_high,22.0,min,716036.7,60294.3,1854836.7
STEPS,2030,constant_growth,1,low,82.0,mid,63.5,midsize_high,22.0,max,716036.7,350346.9,1854836.7
STEPS,2030,constant_growth,1,low,82.0,mid,63.5,compact_mid,9.0,central,874404.7,84283.0,2288804.7
STEPS,2030,constant_growth,1,low,82.0,mid,63.5,compact_mid,9.0,min,874404.7,24665.9,2288804.7
STEPS,2030,constant_growth,1,low,82.0,mid,63.5,compact_mid,9.0,max,874404.7,143323.7,2288804.7
STEPS,2030,constant_growth,1,low,82.0,mid,63.5,luxury_mid,27.5,central,649034.9,257531.3,1671234.9
STEPS,2030,constant_growth,1,low,82.0,mid,63.5,luxury_mid,27.5,min,649034.9,75367.9,1671234.9
STEPS,2030,constant_growth,1,low,82.0,mid,63.5,luxury_mid,27.5,max,649034.9,437933.7,1671234.9
STEPS,2030,constant_growth,1,low,82.0,mid,63.5,hybrid_bound_mid,42.0,central,472393.7,393320.5,1187193.7
STEPS,2030,constant_growth,1,low,82.0,mid,63.5,hybrid_bound_mid,42.0,min,472393.7,115107.4,1187193.7
STEPS,2030,constant_growth,1,low,82.0,mid,63.5,hybrid_bound_mid,42.0,max,472393.7,668844.2,1187193.7
STEPS,2030,constant_growth,1,low,82.0,high,68.0,midsize_low,18.0,central,768387.8,168565.9,2024387.8
STEPS,2030,constant_growth,1,low,82.0,high,68.0,midsize_low,18.0,min,768387.8,49331.7,2024387.8
STEPS,2030,constant_growth,1,low,82.0,high,68.0,midsize_low,18.0,max,768387.8,286647.5,2024387.8
STEPS,2030,constant_growth,1,low,82.0,high,68.0,midsize_mid,20.0,central,744023.5,187295.5,1957623.5
STEPS,2030,constant_growth,1,low,82.0,high,68.0,midsize_mid,20.0,min,744023.5,54813.0,1957623.5
STEPS,2030,constant_growth,1,low,82.0,high,68.0,midsize_mid,20.0,max,744023.5,318497.2,1957623.5
STEPS,2030,constant_growth,1,low,82.0,high,68.0,midsize_high,22.0,central,719659.2,206025.0,1890859.2
STEPS,2030,constant_growth,1,low,82.0,high,68.0,midsize_high,22.0,min,719659.2,60294.3,1890859.2
STEPS,2030,constant_growth,1,low,82.0,high,68.0,midsize_high,22.0,max,719659.2,350346.9,1890859.2
STEPS,2030,constant_growth,1,low,82.0,high,68.0,compact_mid,9.0,central,878027.2,84283.0,2324827.2
STEPS,2030,constant_growth,1,low,82.0,high,68.0,compact_mid,9.0,min,878027.2,24665.9,2324827.2
STEPS,2030,constant_growth,1,low,82.0,high,68.0,compact_mid,9.0,max,878027.2,143323.7,2324827.2
STEPS,2030,constant_growth,1,low,82.0,high,68.0,luxury_mid,27.5,central,652657.4,257531.3,1707257.4
STEPS,2030,constant_growth,1,low,82.0,high,68.0,luxury_mid,27.5,min,652657.4,75367.9,1707257.4
STEPS,2030,constant_growth,1,low,82.0,high,68.0,luxury_mid,27.5,max,652657.4,437933.7,1707257.4
STEPS,2030,constant_growth,1,low,82.0,high,68.0,hybrid_bound_mid,42.0,central,476016.2,393320.5,1223216.2
STEPS,2030,constant_growth,1,low,82.0,high,68.0,hybrid_bound_mid,42.0,min,476016.2,115107.4,1223216.2
STEPS,2030,constant_growth,1,low,82.0,high,68.0,hybrid_bound_mid,42.0,max,476016.2,668844.2,1223216.2
STEPS,2030,constant_growth,1,mid,86.5,low,59.0,midsize_low,18.0,central,812340.1,168565.9,2066540.1
STEPS,2030,constant_growth,1,mid,86.5,low,59.0,midsize_low,18.0,min,812340.1,49331.7,2066540.1
STEPS,2030,constant_growth,1,mid,86.5,low,59.0,midsize_low,18.0,max,812340.1,286647.5,2066540.1
STEPS,2030,constant_growth,1,mid,86.5,low,59.0,midsize_mid,20.0,central,787975.8,187295.5,1999775.8
STEPS,2030,constant_growth,1,mid,86.5,low,59.0,midsize_mid,20.0,min,787975.8,54813.0,1999775.8
STEPS,2030,constant_growth,1,mid,86.5,low,59.0,midsize_mid,20.0,max,787975.8,318497.2,1999775.8
STEPS,2030,constant_growth,1,mid,86.5,low,59.0,midsize_high,22.0,central,763611.4,206025.0,1933011.4
STEPS,2030,constant_growth,1,mid,86.5,low,59.0,midsize_high,22.0,min,763611.4,60294.3,1933011.4
STEPS,2030,constant_growth,1,mid,86.5,low,59.0,midsize_high,22.0,max,763611.4,350346.9,1933011.4
STEPS,2030,constant_growth,1,mid,86.5,low,59.0,compact_mid,9.0,central,921979.4,84283.0,2366979.4
STEPS,2030,constant_growth,1,mid,86.5,low,59.0,compact_mid,9.0,min,921979.4,24665.9,2366979.4
STEPS,2030,constant_growth,1,mid,86.5,low,59.0,compact_mid,9.0,max,921979.4,143323.7,2366979.4
STEPS,2030,constant_growth,1,mid,86.5,low,59.0,luxury_mid,27.5,central,696609.6,257531.3,1749409.6
STEPS,2030,constant_growth,1,mid,86.5,low,59.0,luxury_mid,27.5,min,696609.6,75367.9,1749409.6
STEPS,2030,constant_growth,1,mid,86.5,low,59.0,luxury_mid,27.5,max,696609.6,437933.7,1749409.6
STEPS,2030,constant_growth,1,mid,86.5,low,59.0,hybrid_bound_mid,42.0,central,519968.4,393320.5,1265368.4
STEPS,2030,constant_growth,1,mid,86.5,low,59.0,hybrid_bound_mid,42.0,min,519968.4,115107.4,1265368.4
STEPS,2030,constant_growth,1,mid,86.5,low,59.0,hybrid_bound_mid,42.0,max,519968.4,668844.2,1265368.4
STEPS,2030,constant_growth,1,mid,86.5,mid,63.5,midsize_low,18.0,central,815962.6,168565.9,2102562.6
STEPS,2030,constant_growth,1,mid,86.5,mid,63.5,midsize_low,18.0,min,815962.6,49331.7,2102562.6
STEPS,2030,constant_growth,1,mid,86.5,mid,63.5,midsize_low,18.0,max,815962.6,286647.5,2102562.6
STEPS,2030,constant_growth,1,mid,86.5,mid,63.5,midsize_mid,20.0,central,791598.2,187295.5,2035798.2
STEPS,2030,constant_growth,1,mid,86.5,mid,63.5,midsize_mid,20.0,min,791598.2,54813.0,2035798.2
STEPS,2030,constant_growth,1,mid,86.5,mid,63.5,midsize_mid,20.0,max,791598.2,318497.2,2035798.2
STEPS,2030,constant_growth,1,mid,86.5,mid,63.5,midsize_high,22.0,central,767233.9,206025.0,1969033.9
STEPS,2030,constant_growth,1,mid,86.5,mid,63.5,midsize_high,22.0,min,767233.9,60294.3,1969033.9
STEPS,2030,constant_growth,1,mid,86.5,mid,63.5,midsize_high,22.0,max,767233.9,350346.9,1969033.9
STEPS,2030,constant_growth,1,mid,86.5,mid,63.5,compact_mid,9.0,central,925601.9,84283.0,2403001.9
STEPS,2030,constant_growth,1,mid,86.5,mid,63.5,compact_mid,9.0,min,925601.9,24665.9,2403001.9
STEPS,2030,constant_growth,1,mid,86.5,mid,63.5,compact_mid,9.0,max,925601.9,143323.7,2403001.9
STEPS,2030,constant_growth,1,mid,86.5,mid,63.5,luxury_mid,27.5,central,700232.1,257531.3,1785432.1
STEPS,2030,constant_growth,1,mid,86.5,mid,63.5,luxury_mid,27.5,min,700232.1,75367.9,1785432.1
STEPS,2030,constant_growth,1,mid,86.5,mid,63.5,luxury_mid,27.5,max,700232.1,437933.7,1785432.1
STEPS,2030,constant_growth,1,mid,86.5,mid,63.5,hybrid_bound_mid,42.0,central,523590.9,393320.5,1301390.9
STEPS,2030,constant_growth,1,mid,86.5,mid,63.5,hybrid_bound_mid,42.0,min,523590.9,115107.4,1301390.9
STEPS,2030,constant_growth,1,mid,86.5,mid,63.5,hybrid_bound_mid,42.0,max,523590.9,668844.2,1301390.9
STEPS,2030,constant_growth,1,mid,86.5,high,68.0,midsize_low,18.0,central,819585.0,168565.9,2138585.0
STEPS,2030,constant_growth,1,mid,86.5,high,68.0,midsize_low,18.0,min,819585.0,49331.7,2138585.0
STEPS,2030,constant_growth,1,mid,86.5,high,68.0,midsize_low,18.0,max,819585.0,286647.5,2138585.0
STEPS,2030,constant_growth,1,mid,86.5,high,68.0,midsize_mid,20.0,central,795220.7,187295.5,2071820.7
STEPS,2030,constant_growth,1,mid,86.5,high,68.0,midsize_mid,20.0,min,795220.7,54813.0,2071820.7
STEPS,2030,constant_growth,1,mid,86.5,high,68.0,midsize_mid,20.0,max,795220.7,318497.2,2071820.7
STEPS,2030,constant_growth,1,mid,86.5,high,68.0,midsize_high,22.0,central,770856.4,206025.0,2005056.4
STEPS,2030,constant_growth,1,mid,86.5,high,68.0,midsize_high,22.0,min,770856.4,60294.3,2005056.4
STEPS,2030,constant_growth,1,mid,86.5,high,68.0,midsize_high,22.0,max,770856.4,350346.9,2005056.4
STEPS,2030,constant_growth,1,mid,86.5,high,68.0,compact_mid,9.0,central,929224.4,84283.0,2439024.4
STEPS,2030,constant_growth,1,mid,86.5,high,68.0,compact_mid,9.0,min,929224.4,24665.9,2439024.4
STEPS,2030,constant_growth,1,mid,86.5,high,68.0,compact_mid,9.0,max,929224.4,143323.7,2439024.4
STEPS,2030,constant_growth,1,mid,86.5,high,68.0,luxury_mid,27.5,central,703854.6,257531.3,1821454.6
STEPS,2030,constant_growth,1,mid,86.5,high,68.0,luxury_mid,27.5,min,703854.6,75367.9,1821454.6
STEPS,2030,constant_growth,1,mid,86.5,high,68.0,luxury_mid,27.5,max,703854.6,437933.7,1821454.6
STEPS,2030,constant_growth,1,mid,86.5,high,68.0,hybrid_bound_mid,42.0,central,527213.4,393320.5,1337413.4
STEPS,2030,constant_growth,1,mid,86.5,high,68.0,hybrid_bound_mid,42.0,min,527213.4,115107.4,1337413.4
STEPS,2030,constant_growth,1,mid,86.5,high,68.0,hybrid_bound_mid,42.0,max,527213.4,668844.2,1337413.4
STEPS,2030,constant_growth,1,high,91.0,low,59.0,midsize_low,18.0,central,863537.3,168565.9,2180737.3
STEPS,2030,constant_growth,1,high,91.0,low,59.0,midsize_low,18.0,min,863537.3,49331.7,2180737.3
STEPS,2030,constant_growth,1,high,91.0,low,59.0,midsize_low,18.0,max,863537.3,286647.5,2180737.3
STEPS,2030,constant_growth,1,high,91.0,low,59.0,midsize_mid,20.0,central,839172.9,187295.5,2113972.9
STEPS,2030,constant_growth,1,high,91.0,low,59.0,midsize_mid,20.0,min,839172.9,54813.0,2113972.9
STEPS,2030,constant_growth,1,high,91.0,low,59.0,midsize_mid,20.0,max,839172.9,318497.2,2113972.9
STEPS,2030,constant_growth,1,high,91.0,low,59.0,midsize_high,22.0,central,814808.6,206025.0,2047208.6
STEPS,2030,constant_growth,1,high,91.0,low,59.0,midsize_high,22.0,min,814808.6,60294.3,2047208.6
STEPS,2030,constant_growth,1,high,91.0,low,59.0,midsize_high,22.0,max,814808.6,350346.9,2047208.6
STEPS,2030,constant_growth,1,high,91.0,low,59.0,compact_mid,9.0,central,973176.6,84283.0,2481176.6
STEPS,2030,constant_growth,1,high,91.0,low,59.0,compact_mid,9.0,min,973176.6,24665.9,2481176.6
STEPS,2030,constant_growth,1,high,91.0,low,59.0,compact_mid,9.0,max,973176.6,143323.7,2481176.6
STEPS,2030,constant_growth,1,high,91.0,low,59.0,luxury_mid,27.5,central,747806.8,257531.3,1863606.8
STEPS,2030,constant_growth,1,high,91.0,low,59.0,luxury_mid,27.5,min,747806.8,75367.9,1863606.8
STEPS,2030,constant_growth,1,high,91.0,low,59.0,luxury_mid,27.5,max,747806.8,437933.7,1863606.8
STEPS,2030,constant_growth,1,high,91.0,low,59.0,hybrid_bound_mid,42.0,central,571165.6,393320.5,1379565.6
STEPS,2030,constant_growth,1,high,91.0,low,59.0,hybrid_bound_mid,42.0,min,571165.6,115107.4,1379565.6
STEPS,2030,constant_growth,1,high,91.0,low,59.0,hybrid_bound_mid,42.0,max,571165.6,668844.2,1379565.6
STEPS,2030,constant_growth,1,high,91.0,mid,63.5,midsize_low,18.0,central,867159.7,168565.9,2216759.7
STEPS,2030,constant_growth,1,high,91.0,mid,63.5,midsize_low,18.0,min,867159.7,49331.7,2216759.7
STEPS,2030,constant_growth,1,high,91.0,mid,63.5,midsize_low,18.0,max,867159.7,286647.5,2216759.7
STEPS,2030,constant_growth,1,high,91.0,mid,63.5,midsize_mid,20.0,central,842795.4,187295.5,2149995.4
STEPS,2030,constant_growth,1,high,91.0,mid,63.5,midsize_mid,20.0,min,842795.4,54813.0,2149995.4
STEPS,2030,constant_growth,1,high,91.0,mid,63.5,midsize_mid,20.0,max,842795.4,318497.2,2149995.4
STEPS,2030,constant_growth,1,high,91.0,mid,63.5,midsize_high,22.0,central,818431.1,206025.0,2083231.1
STEPS,2030,constant_growth,1,high,91.0,mid,63.5,midsize_high,22.0,min,818431.1,60294.3,2083231.1
STEPS,2030,constant_growth,1,high,91.0,mid,63.5,midsize_high,22.0,max,818431.1,350346.9,2083231.1
STEPS,2030,constant_growth,1,high,91.0,mid,63.5,compact_mid,9.0,central,976799.1,84283.0,2517199.1
STEPS,2030,constant_growth,1,high,91.0,mid,63.5,compact_mid,9.0,min,976799.1,24665.9,2517199.1
STEPS,2030,constant_growth,1,high,91.0,mid,63.5,compact_mid,9.0,max,976799.1,143323.7,2517199.1
STEPS,2030,constant_growth,1,high,91.0,mid,63.5,luxury_mid,27.5,central,751429.3,257531.3,1899629.3
STEPS,2030,constant_growth,1,high,91.0,mid,63.5,luxury_mid,27.5,min,751429.3,75367.9,1899629.3
STEPS,2030,constant_growth,1,high,91.0,mid,63.5,luxury_mid,27.5,max,751429.3,437933.7,1899629.3
STEPS,2030,constant_growth,1,high,91.0,mid,63.5,hybrid_bound_mid,42.0,central,574788.1,393320.5,1415588.1
STEPS,2030,constant_growth,1,high,91.0,mid,63.5,hybrid_bound_mid,42.0,min,574788.1,115107.4,1415588.1
STEPS,2030,constant_growth,1,high,91.0,mid,63.5,hybrid_bound_mid,42.0,max,574788.1,668844.2,1415588.1
STEPS,2030,constant_growth,1,high,91.0,high,68.0,midsize_low,18.0,central,870782.2,168565.9,2252782.2
STEPS,2030,constant_growth,1,high,91.0,high,68.0,midsize_low,18.0,min,870782.2,49331.7,2252782.2
STEPS,2030,constant_growth,1,high,91.0,high,68.0,midsize_low,18.0,max,870782.2,286647.5,2252782.2
STEPS,2030,constant_growth,1,high,91.0,high,68.0,midsize_mid,20.0,central,846417.9,187295.5,2186017.9
STEPS,2030,constant_growth,1,high,91.0,high,68.0,midsize_mid,20.0,min,846417.9,54813.0,2186017.9
STEPS,2030,constant_growth,1,high,91.0,high,68.0,midsize_mid,20.0,max,846417.9,318497.2,2186017.9
STEPS,2030,constant_growth,1,high,91.0,high,68.0,midsize_high,22.0,central,822053.6,206025.0,2119253.6
STEPS,2030,constant_growth,1,high,91.0,high,68.0,midsize_high,22.0,min,822053.6,60294.3,2119253.6
STEPS,2030,constant_growth,1,high,91.0,high,68.0,midsize_high,22.0,max,822053.6,350346.9,2119253.6
STEPS,2030,constant_growth,1,high,91.0,high,68.0,compact_mid,9.0,central,980421.6,84283.0,2553221.6
STEPS,2030,constant_growth,1,high,91.0,high,68.0,compact_mid,9.0,min,980421.6,24665.9,2553221.6
STEPS,2030,constant_growth,1,high,91.0,high,68.0,compact_mid,9.0,max,980421.6,143323.7,2553221.6
STEPS,2030,constant_growth,1,high,91.0,high,68.0,luxury_mid,27.5,central,755051.8,257531.3,1935651.8
STEPS,2030,constant_growth,1,high,91.0,high,68.0,luxury_mid,27.5,min,755051.8,75367.9,1935651.8
STEPS,2030,constant_growth,1,high,91.0,high,68.0,luxury_mid,27.5,max,755051.8,437933.7,1935651.8
STEPS,2030,constant_growth,1,high,91.0,high,68.0,hybrid_bound_mid,42.0,central,578410.6,393320.5,1451610.6
STEPS,2030,constant_growth,1,high,91.0,high,68.0,hybrid_bound_mid,42.0,min,578410.6,115107.4,1451610.6
STEPS,2030,constant_growth,1,high,91.0,high,68.0,hybrid_bound_mid,42.0,max,578410.6,668844.2,1451610.6
STEPS,2035,direct,0,low,82.0,low,59.0,midsize_low,18.0,central,2117700.0,355924.5,3308900.0
STEPS,2035,direct,0,low,82.0,low,59.0,midsize_low,18.0,min,2117700.0,254053.0,3308900.0
STEPS,2035,direct,0,low,82.0,low,59.0,midsize_low,18.0,max,2117700.0,455798.3,3308900.0
STEPS,2035,direct,0,low,82.0,low,59.0,midsize_mid,20.0,central,2050300.0,395471.7,3199100.0
STEPS,2035,direct,0,low,82.0,low,59.0,midsize_mid,20.0,min,2050300.0,282281.1,3199100.0
STEPS,2035,direct,0,low,82.0,low,59.0,midsize_mid,20.0,max,2050300.0,506442.6,3199100.0
STEPS,2035,direct,0,low,82.0,low,59.0,midsize_high,22.0,central,1982900.0,435018.9,3089300.0
STEPS,2035,direct,0,low,82.0,low,59.0,midsize_high,22.0,min,1982900.0,310509.3,3089300.0
STEPS,2035,direct,0,low,82.0,low,59.0,midsize_high,22.0,max,1982900.0,557086.8,3089300.0
STEPS,2035,direct,0,low,82.0,low,59.0,compact_mid,9.0,central,2421000.0,177962.3,3803000.0
STEPS,2035,direct,0,low,82.0,low,59.0,compact_mid,9.0,min,2421000.0,127026.5,3803000.0
STEPS,2035,direct,0,low,82.0,low,59.0,compact_mid,9.0,max,2421000.0,227899.2,3803000.0
STEPS,2035,direct,0,low,82.0,low,59.0,luxury_mid,27.5,central,1797550.0,543773.6,2787350.0
STEPS,2035,direct,0,low,82.0,low,59.0,luxury_mid,27.5,min,1797550.0,388136.6,2787350.0
STEPS,2035,direct,0,low,82.0,low,59.0,luxury_mid,27.5,max,1797550.0,696358.5,2787350.0
STEPS,2035,direct,0,low,82.0,low,59.0,hybrid_bound_mid,42.0,central,1308900.0,830490.6,1991300.0
STEPS,2035,direct,0,low,82.0,low,59.0,hybrid_bound_mid,42.0,min,1308900.0,592790.4,1991300.0
STEPS,2035,direct,0,low,82.0,low,59.0,hybrid_bound_mid,42.0,max,1308900.0,1063529.4,1991300.0
STEPS,2035,direct,0,low,82.0,mid,63.5,midsize_low,18.0,central,2125350.0,355924.5,3348950.0
STEPS,2035,direct,0,low,82.0,mid,63.5,midsize_low,18.0,min,2125350.0,254053.0,3348950.0
STEPS,2035,direct,0,low,82.0,mid,63.5,midsize_low,18.0,max,2125350.0,455798.3,3348950.0
STEPS,2035,direct,0,low,82.0,mid,63.5,midsize_mid,20.0,central,2057950.0,395471.7,3239150.0
STEPS,2035,direct,0,low,82.0,mid,63.5,midsize_mid,20.0,min,2057950.0,282281.1,3239150.0
STEPS,2035,direct,0,low,82.0,mid,63.5,midsize_mid,20.0,max,2057950.0,506442.6,3239150.0
STEPS,2035,direct,0,low,82.0,mid,63.5,midsize_high,22.0,central,1990550.0,435018.9,3129350.0
STEPS,2035,direct,0,low,82.0,mid,63.5,midsize_high,22.0,min,1990550.0,310509.3,3129350.0
STEPS,2035,direct,0,low,82.0,mid,63.5,midsize_high,22.0,max,1990550.0,557086.8,3129350.0
STEPS,2035,direct,0,low,82.0,mid,63.5,compact_mid,9.0,central,2428650.0,177962.3,3843050.0
STEPS,2035,direct,0,low,82.0,mid,63.5,compact_mid,9.0,min,2428650.0,127026.5,3843050.0
STEPS,2035,direct,0,low,82.0,mid,63.5,compact_mid,9.0,max,2428650.0,227899.2,3843050.0
STEPS,2035,direct,0,low,82.0,mid,63.5,luxury_mid,27.5,central,1805200.0,543773.6,2827400.0
STEPS,2035,direct,0,low,82.0,mid,63.5,luxury_mid,27.5,min,1805200.0,388136.6,2827400.0
STEPS,2035,direct,0,low,82.0,mid,63.5,luxury_mid,27.5,max,1805200.0,696358.5,2827400.0
STEPS,2035,direct,0,low,82.0,mid,63.5,hybrid_bound_mid,42.0,central,1316550.0,830490.6,2031350.0
STEPS,2035,direct,0,low,82.0,mid,63.5,hybrid_bound_mid,42.0,min,1316550.0,592790.4,2031350.0
STEPS,2035,direct,0,low,82.0,mid,63.5,hybrid_bound_mid,42.0,max,1316550.0,1063529.4,2031350.0
STEPS,2035,direct,0,low,82.0,high,68.0,midsize_low,18.0,central,2133000.0,355924.5,3389000.0
STEPS,2035,direct,0,low,82.0,high,68.0,midsize_low,18.0,min,2133000.0,254053.0,3389000.0
STEPS,2035,direct,0,low,82.0,high,68.0,midsize_low,18.0,max,2133000.0,455798.3,3389000.0
STEPS,2035,direct,0,low,82.0,high,68.0,midsize_mid,20.0,central,2065600.0,395471.7,3279200.0
STEPS,2035,direct,0,low,82.0,high,68.0,midsize_mid,20.0,min,2065600.0,282281.1,3279200.0
STEPS,2035,direct,0,low,82.0,high,68.0,midsize_mid,20.0,max,2065600.0,506442.6,3279200.0
STEPS,2035,direct,0,low,82.0,high,68.0,midsize_high,22.0,central,1998200.0,435018.9,3169400.0
STEPS,2035,direct,0,low,82.0,high,68.0,midsize_high,22.0,min,1998200.0,310509.3,3169400.0
STEPS,2035,direct,0,low,82.0,high,68.0,midsize_high,22.0,max,1998200.0,557086.8,3169400.0
STEPS,2035,direct,0,low,82.0,high,68.0,compact_mid,9.0,central,2436300.0,177962.3,3883100.0
STEPS,2035,direct,0,low,82.0,high,68.0,compact_mid,9.0,min,2436300.0,127026.5,3883100.0
STEPS,2035,direct,0,low,82.0,high,68.0,compact_mid,9.0,max,2436300.0,227899.2,3883100.0
STEPS,2035,direct,0,low,82.0,high,68.0,luxury_mid,27.5,central,1812850.0,543773.6,2867450.0
STEPS,2035,direct,0,low,82.0,high,68.0,luxury_mid,27.5,min,1812850.0,388136.6,2867450.0
STEPS,2035,direct,0,low,82.0,high,68.0,luxury_mid,27.5,max,1812850.0,696358.5,2867450.0
STEPS,2035,direct,0,low,82.0,high,68.0,hybrid_bound_mid,42.0,central,1324200.0,830490.6,2071400.0
STEPS,2035,direct,0,low,82.0,high,68.0,hybrid_bound_mid,42.0,min,1324200.0,592790.4,2071400.0
STEPS,2035,direct,0,low,82.0,high,68.0,hybrid_bound_mid,42.0,max,1324200.0,1063529.4,2071400.0
STEPS,2035,direct,0,mid,86.5,low,59.0,midsize_low,18.0,central,2261700.0,355924.5,3515900.0
STEPS,2035,direct,0,mid,86.5,low,59.0,midsize_low,18.0,min,2261700.0,254053.0,3515900.0
STEPS,2035,direct,0,mid,86.5,low,59.0,midsize_low,18.0,max,2261700.0,455798.3,3515900.0
STEPS,2035,direct,0,mid,86.5,low,59.0,midsize_mid,20.0,central,2194300.0,395471.7,3406100.0
STEPS,2035,direct,0,mid,86.5,low,59.0,midsize_mid,20.0,min,2194300.0,282281.1,3406100.0
STEPS,2035,direct,0,mid,86.5,low,59.0,midsize_mid,20.0,max,2194300.0,506442.6,3406100.0
STEPS,2035,direct,0,mid,86.5,low,59.0,midsize_high,22.0,central,2126900.0,435018.9,3296300.0
STEPS,2035,direct,0,mid,86.5,low,59.0,midsize_high,22.0,min,2126900.0,310509.3,3296300.0
STEPS,2035,direct,0,mid,86.5,low,59.0,midsize_high,22.0,max,2126900.0,557086.8,3296300.0
STEPS,2035,direct,0,mid,86.5,low,59.0,compact_mid,9.0,central,2565000.0,177962.3,4010000.0
STEPS,2035,direct,0,mid,86.5,low,59.0,compact_mid,9.0,min,2565000.0,127026.5,4010000.0
STEPS,2035,direct,0,mid,86.5,low,59.0,compact_mid,9.0,max,2565000.0,227899.2,4010000.0
STEPS,2035,direct,0,mid,86.5,low,59.0,luxury_mid,27.5,central,1941550.0,543773.6,2994350.0
STEPS,2035,direct,0,mid,86.5,low,59.0,luxury_mid,27.5,min,1941550.0,388136.6,2994350.0
STEPS,2035,direct,0,mid,86.5,low,59.0,luxury_mid,27.5,max,1941550.0,696358.5,2994350.0
STEPS,2035,direct,0,mid,86.5,low,59.0,hybrid_bound_mid,42.0,central,1452900.0,830490.6,2198300.0
STEPS,2035,direct,0,mid,86.5,low,59.0,hybrid_bound_mid,42.0,min,1452900.0,592790.4,2198300.0
STEPS,2035,direct,0,mid,86.5,low,59.0,hybrid_bound_mid,42.0,max,1452900.0,1063529.4,2198300.0
STEPS,2035,direct,0,mid,86.5,mid,63.5,midsize_low,18.0,central,2269350.0,355924.5,3555950.0
STEPS,2035,direct,0,mid,86.5,mid,63.5,midsize_low,18.0,min,2269350.0,254053.0,3555950.0
STEPS,2035,direct,0,mid,86.5,mid,63.5,midsize_low,18.0,max,2269350.0,455798.3,3555950.0
STEPS,2035,direct,0,mid,86.5,mid,63.5,midsize_mid,20.0,central,2201950.0,395471.7,3446150.0
STEPS,2035,direct,0,mid,86.5,mid,63.5,midsize_mid,20.0,min,2201950.0,282281.1,3446150.0
STEPS,2035,direct,0,mid,86.5,mid,63.5,midsize_mid,20.0,max,2201950.0,506442.6,3446150.0
STEPS,2035,direct,0,mid,86.5,mid,63.5,midsize_high,22.0,central,2134550.0,435018.9,3336350.0
STEPS,2035,direct,0,mid,86.5,mid,63.5,midsize_high,22.0,min,2134550.0,310509.3,3336350.0
STEPS,2035,direct,0,mid,86.5,mid,63.5,midsize_high,22.0,max,2134550.0,557086.8,3336350.0
STEPS,2035,direct,0,mid,86.5,mid,63.5,compact_mid,9.0,central,2572650.0,177962.3,4050050.0
STEPS,2035,direct,0,mid,86.5,mid,63.5,compact_mid,9.0,min,2572650.0,127026.5,4050050.0
STEPS,2035,direct,0,mid,86.5,mid,63.5,compact_mid,9.0,max,2572650.0,227899.2,4050050.0
STEPS,2035,direct,0,mid,86.5,mid,63.5,luxury_mid,27.5,central,1949200.0,543773.6,3034400.0
STEPS,2035,direct,0,mid,86.5,mid,63.5,luxury_mid,27.5,min,1949200.0,388136.6,3034400.0
STEPS,2035,direct,0,mid,86.5,mid,63.5,luxury_mid,27.5,max,1949200.0,696358.5,3034400.0
STEPS,2035,direct,0,mid,86.5,mid,63.5,hybrid_bound_mid,42.0,central,1460550.0,830490.6,2238350.0
STEPS,2035,direct,0,mid,86.5,mid,63.5,hybrid_bound_mid,42.0,min,1460550.0,592790.4,2238350.0
STEPS,2035,direct,0,mid,86.5,mid,63.5,hybrid_bound_mid,42.0,max,1460550.0,1063529.4,2238350.0
STEPS,2035,direct,0,mid,86.5,high,68.0,midsize_low,18.0,central,2277000.0,355924.5,3596000.0
STEPS,2035,direct,0,mid,86.5,high,68.0,midsize_low,18.0,min,2277000.0,254053.0,3596000.0
STEPS,2035,direct,0,mid,86.5,high,68.0,midsize_low,18.0,max,2277000.0,455798.3,3596000.0
STEPS,2035,direct,0,mid,86.5,high,68.0,midsize_mid,20.0,central,2209600.0,395471.7,3486200.0
STEPS,2035,direct,0,mid,86.5,high,68.0,midsize_mid,20.0,min,2209600.0,282281.1,3486200.0
STEPS,2035,direct,0,mid,86.5,high,68.0,midsize_mid,20.0,max,2209600.0,506442.6,3486200.0
STEPS,2035,direct,0,mid,86.5,high,68.0,midsize_high,22.0,central,2142200.0,435018.9,3376400.0
STEPS,2035,direct,0,mid,86.5,high,68.0,midsize_high,22.0,min,2142200.0,310509.3,3376400.0
STEPS,2035,direct,0,mid,86.5,high,68.0,midsize_high,22.0,max,2142200.0,557086.8,3376400.0
STEPS,2035,direct,0,mid,86.5,high,68.0,compact_mid,9.0,central,2580300.0,177962.3,4090100.0
STEPS,2035,direct,0,mid,86.5,high,68.0,compact_mid,9.0,min,2580300.0,127026.5,4090100.0
STEPS,2035,direct,0,mid,86.5,high,68.0,compact_mid,9.0,max,2580300.0,227899.2,4090100.0
STEPS,2035,direct,0,mid,86.5,high,68.0,luxury_mid,27.5,central,1956850.0,543773.6,3074450.0
STEPS,2035,direct,0,mid,86.5,high,68.0,luxury_mid,27.5,min,1956850.0,388136.6,3074450.0
STEPS,2035,direct,0,mid,86.5,high,68.0,luxury_mid,27.5,max,1956850.0,696358.5,3074450.0
STEPS,2035,direct,0,mid,86.5,high,68.0,hybrid_bound_mid,42.0,central,1468200.0,830490.6,2278400.0
STEPS,2035,direct,0,mid,86.5,high,68.0,hybrid_bound_mid,42.0,min,1468200.0,592790.4,2278400.0
STEPS,2035,direct,0,mid,86.5,high,68.0,hybrid_bound_mid,42.0,max,1468200.0,1063529.4,2278400.0
STEPS,2035,direct,0,high,91.0,low,59.0,midsize_low,18.0,central,2405700.0,355924.5,3722900.0
STEPS,2035,direct,0,high,91.0,low,59.0,midsize_low,18.0,min,2405700.0,254053.0,3722900.0
STEPS,2035,direct,0,high,91.0,low,59.0,midsize_low,18.0,max,2405700.0,455798.3,3722900.0
STEPS,2035,direct,0,high,91.0,low,59.0,midsize_mid,20.0,central,2338300.0,395471.7,3613100.0
STEPS,2035,direct,0,high,91.0,low,59.0,midsize_mid,20.0,min,2338300.0,282281.1,3613100.0
STEPS,2035,direct,0,high,91.0,low,59.0,midsize_mid,20.0,max,2338300.0,506442.6,3613100.0
STEPS,2035,direct,0,high,91.0,low,59.0,midsize_high,22.0,central,2270900.0,435018.9,3503300.0
STEPS,2035,direct,0,high,91.0,low,59.0,midsize_high,22.0,min,2270900.0,310509.3,3503300.0
STEPS,2035,direct,0,high,91.0,low,59.0,midsize_high,22.0,max,2270900.0,557086.8,3503300.0
STEPS,2035,direct,0,high,91.0,low,59.0,compact_mid,9.0,central,2709000.0,177962.3,4217000.0
STEPS,2035,direct,0,high,91.0,low,59.0,compact_mid,9.0,min,2709000.0,127026.5,4217000.0
STEPS,2035,direct,0,high,91.0,low,59.0,compact_mid,9.0,max,2709000.0,227899.2,4217000.0
STEPS,2035,direct,0,high,91.0,low,59.0,luxury_mid,27.5,central,2085550.0,543773.6,3201350.0
STEPS,2035,direct,0,high,91.0,low,59.0,luxury_mid,27.5,min,2085550.0,388136.6,3201350.0
STEPS,2035,direct,0,high,91.0,low,59.0,luxury_mid,27.5,max,2085550.0,696358.5,3201350.0
STEPS,2035,direct,0,high,91.0,low,59.0,hybrid_bound_mid,42.0,central,1596900.0,830490.6,2405300.0
STEPS,2035,direct,0,high,91.0,low,59.0,hybrid_bound_mid,42.0,min,1596900.0,592790.4,2405300.0
STEPS,2035,direct,0,high,91.0,low,59.0,hybrid_bound_mid,42.0,max,1596900.0,1063529.4,2405300.0
STEPS,2035,direct,0,high,91.0,mid,63.5,midsize_low,18.0,central,2413350.0,355924.5,3762950.0
STEPS,2035,direct,0,high,91.0,mid,63.5,midsize_low,18.0,min,2413350.0,254053.0,3762950.0
STEPS,2035,direct,0,high,91.0,mid,63.5,midsize_low,18.0,max,2413350.0,455798.3,3762950.0
STEPS,2035,direct,0,high,91.0,mid,63.5,midsize_mid,20.0,central,2345950.0,395471.7,3653150.0
STEPS,2035,direct,0,high,91.0,mid,63.5,midsize_mid,20.0,min,2345950.0,282281.1,3653150.0
STEPS,2035,direct,0,high,91.0,mid,63.5,midsize_mid,20.0,max,2345950.0,506442.6,3653150.0
STEPS,2035,direct,0,high,91.0,mid,63.5,midsize_high,22.0,central,2278550.0,435018.9,3543350.0
STEPS,2035,direct,0,high,91.0,mid,63.5,midsize_high,22.0,min,2278550.0,310509.3,3543350.0
STEPS,2035,direct,0,high,91.0,mid,63.5,midsize_high,22.0,max,2278550.0,557086.8,3543350.0
STEPS,2035,direct,0,high,91.0,mid,63.5,compact_mid,9.0,central,2716650.0,177962.3,4257050.0
STEPS,2035,direct,0,high,91.0,mid,63.5,compact_mid,9.0,min,2716650.0,127026.5,4257050.0
STEPS,2035,direct,0,high,91.0,mid,63.5,compact_mid,9.0,max,2716650.0,227899.2,4257050.0
STEPS,2035,direct,0,high,91.0,mid,63.5,luxury_mid,27.5,central,2093200.0,543773.6,3241400.0
STEPS,2035,direct,0,high,91.0,mid,63.5,luxury_mid,27.5,min,2093200.0,388136.6,3241400.0
STEPS,2035,direct,0,high,91.0,mid,63.5,luxury_mid,27.5,max,2093200.0,696358.5,3241400.0
STEPS,2035,direct,0,high,91.0,mid,63.5,hybrid_bound_mid,42.0,central,1604550.0,830490.6,2445350.0
STEPS,2035,direct,0,high,91.0,mid,63.5,hybrid_bound_mid,42.0,min,1604550.0,592790.4,2445350.0
STEPS,2035,direct,0,high,91.0,mid,63.5,hybrid_bound_mid,42.0,max,1604550.0,1063529.4,2445350.0
STEPS,2035,direct,0,high,91.0,high,68.0,midsize_low,18.0,central,2421000.0,355924.5,3803000.0
STEPS,2035,direct,0,high,91.0,high,68.0,midsize_low,18.0,min,2421000.0,254053.0,3803000.0
STEPS,2035,direct,0,high,91.0,high,68.0,midsize_low,18.0,max,2421000.0,455798.3,3803000.0
STEPS,2035,direct,0,high,91.0,high,68.0,midsize_mid,20.0,central,2353600.0,395471.7,3693200.0
STEPS,2035,direct,0,high,91.0,high,68.0,midsize_mid,20.0,min,2353600.0,282281.1,3693200.0
STEPS,2035,direct,0,high,91.0,high,68.0,midsize_mid,20.0,max,2353600.0,506442.6,3693200.0
STEPS,2035,direct,0,high,91.0,high,68.0,midsize_high,22.0,central,2286200.0,435018.9,3583400.0
STEPS,2035,direct,0,high,91.0,high,68.0,midsize_high,22.0,min,2286200.0,310509.3,3583400.0
STEPS,2035,direct,0,high,91.0,high,68.0,midsize_high,22.0,max,2286200.0,557086.8,3583400.0
STEPS,2035,direct,0,high,91.0,high,68.0,compact_mid,9.0,central,2724300.0,177962.3,4297100.0
STEPS,2035,direct,0,high,91.0,high,68.0,compact_mid,9.0,min,2724300.0,127026.5,4297100.0
STEPS,2035,direct,0,high,91.0,high,68.0,compact_mid,9.0,max,2724300.0,227899.2,4297100.0
STEPS,2035,direct,0,high,91.0,high,68.0,luxury_mid,27.5,central,2100850.0,543773.6,3281450.0
STEPS,2035,direct,0,high,91.0,high,68.0,luxury_mid,27.5,min,2100850.0,388136.6,3281450.0
STEPS,2035,direct,0,high,91.0,high,68.0,luxury_mid,27.5,max,2100850.0,696358.5,3281450.0
STEPS,2035,direct,0,high,91.0,high,68.0,hybrid_bound_mid,42.0,central,1612200.0,830490.6,2485400.0
STEPS,2035,direct,0,high,91.0,high,68.0,hybrid_bound_mid,42.0,min,1612200.0,592790.4,2485400.0
STEPS,2035,direct,0,high,91.0,high,68.0,hybrid_bound_mid,42.0,max,1612200.0,1063529.4,2485400.0
STEPS,2030,linear,1,low,82.0,low,59.0,midsize_low,18.0,central,1058850.0,241846.2,2250050.0
STEPS,2030,linear,1,low,82.0,low,59.0,midsize_low,18.0,min,1058850.0,129268.9,2250050.0
STEPS,2030,linear,1,low,82.0,low,59.0,midsize_low,18.0,max,1058850.0,352941.2,2250050.0
STEPS,2030,linear,1,low,82.0,low,59.0,midsize_mid,20.0,central,1025150.0,268717.9,2173950.0
STEPS,2030,linear,1,low,82.0,low,59.0,midsize_mid,20.0,min,1025150.0,143632.1,2173950.0
STEPS,2030,linear,1,low,82.0,low,59.0,midsize_mid,20.0,max,1025150.0,392156.9,2173950.0
STEPS,2030,linear,1,low,82.0,low,59.0,midsize_high,22.0,central,991450.0,295589.7,2097850.0
STEPS,2030,linear,1,low,82.0,low,59.0,midsize_high,22.0,min,991450.0,157995.4,2097850.0
STEPS,2030,linear,1,low,82.0,low,59.0,midsize_high,22.0,max,991450.0,431372.5,2097850.0
STEPS,2030,linear,1,low,82.0,low,59.0,compact_mid,9.0,central,1210500.0,120923.1,2592500.0
STEPS,2030,linear,1,low,82.0,low,59.0,compact_mid,9.0,min,1210500.0,64634.5,2592500.0
STEPS,2030,linear,1,low,82.0,low,59.0,compact_mid,9.0,max,1210500.0,176470.6,2592500.0
STEPS,2030,linear,1,low,82.0,low,59.0,luxury_mid,27.5,central,898775.0,369487.2,1888575.0
STEPS,2030,linear,1,low,82.0,low,59.0,luxury_mid,27.5,min,898775.0,197494.2,1888575.0
STEPS,2030,linear,1,low,82.0,low,59.0,luxury_mid,27.5,max,898775.0,539215.7,1888575.0
STEPS,2030,linear,1,low,82.0,low,59.0,hybrid_bound_mid,42.0,central,654450.0,564307.7,1336850.0
STEPS,2030,linear,1,low,82.0,low,59.0,hybrid_bound_mid,42.0,min,654450.0,301627.5,1336850.0
STEPS,2030,linear,1,low,82.0,low,59.0,hybrid_bound_mid,42.0,max,654450.0,823529.4,1336850.0
STEPS,2030,linear,1,low,82.0,mid,63.5,midsize_low,18.0,central,1062675.0,241846.2,2286275.0
STEPS,2030,linear,1,low,82.0,mid,63.5,midsize_low,18.0,min,1062675.0,129268.9,2286275.0
STEPS,2030,linear,1,low,82.0,mid,63.5,midsize_low,18.0,max,1062675.0,352941.2,2286275.0
STEPS,2030,linear,1,low,82.0,mid,63.5,midsize_mid,20.0,central,1028975.0,268717.9,2210175.0
STEPS,2030,linear,1,low,82.0,mid,63.5,midsize_mid,20.0,min,1028975.0,143632.1,2210175.0
STEPS,2030,linear,1,low,82.0,mid,63.5,midsize_mid,20.0,max,1028975.0,392156.9,2210175.0
STEPS,2030,linear,1,low,82.0,mid,63.5,midsize_high,22.0,central,995275.0,295589.7,2134075.0
STEPS,2030,linear,1,low,82.0,mid,63.5,midsize_high,22.0,min,995275.0,157995.4,2134075.0
STEPS,2030,linear,1,low,82.0,mid,63.5,midsize_high,22.0,max,995275.0,431372.5,2134075.0
STEPS,2030,linear,1,low,82.0,mid,63.5,compact_mid,9.0,central,1214325.0,120923.1,2628725.0
STEPS,2030,linear,1,low,82.0,mid,63.5,compact_mid,9.0,min,1214325.0,64634.5,2628725.0
STEPS,2030,linear,1,low,82.0,mid,63.5,compact_mid,9.0,max,1214325.0,176470.6,2628725.0
STEPS,2030,linear,1,low,82.0,mid,63.5,luxury_mid,27.5,central,902600.0,369487.2,1924800.0
STEPS,2030,linear,1,low,82.0,mid,63.5,luxury_mid,27.5,min,902600.0,197494.2,1924800.0
STEPS,2030,linear,1,low,82.0,mid,63.5,luxury_mid,27.5,max,902600.0,539215.7,1924800.0
STEPS,2030,linear,1,low,82.0,mid,63.5,hybrid_bound_mid,42.0,central,658275.0,564307.7,1373075.0
STEPS,2030,linear,1,low,82.0,mid,63.5,hybrid_bound_mid,42.0,min,658275.0,301627.5,1373075.0
STEPS,2030,linear,1,low,82.0,mid,63.5,hybrid_bound_mid,42.0,max,658275.0,823529.4,1373075.0
STEPS,2030,linear,1,low,82.0,high,68.0,midsize_low,18.0,central,1066500.0,241846.2,2322500.0
STEPS,2030,linear,1,low,82.0,high,68.0,midsize_low,18.0,min,1066500.0,129268.9,2322500.0
STEPS,2030,linear,1,low,82.0,high,68.0,midsize_low,18.0,max,1066500.0,352941.2,2322500.0
STEPS,2030,linear,1,low,82.0,high,68.0,midsize_mid,20.0,central,1032800.0,268717.9,2246400.0
STEPS,2030,linear,1,low,82.0,high,68.0,midsize_mid,20.0,min,1032800.0,143632.1,2246400.0
STEPS,2030,linear,1,low,82.0,high,68.0,midsize_mid,20.0,max,1032800.0,392156.9,2246400.0
STEPS,2030,linear,1,low,82.0,high,68.0,midsize_high,22.0,central,999100.0,295589.7,2170300.0
STEPS,2030,linear,1,low,82.0,high,68.0,midsize_high,22.0,min,999100.0,157995.4,2170300.0
STEPS,2030,linear,1,low,82.0,high,68.0,midsize_high,22.0,max,999100.0,431372.5,2170300.0
STEPS,2030,linear,1,low,82.0,high,68.0,compact_mid,9.0,central,1218150.0,120923.1,2664950.0
STEPS,2030,linear,1,low,82.0,high,68.0,compact_mid,9.0,min,1218150.0,64634.5,2664950.0
STEPS,2030,linear,1,low,82.0,high,68.0,compact_mid,9.0,max,1218150.0,176470.6,2664950.0
STEPS,2030,linear,1,low,82.0,high,68.0,luxury_mid,27.5,central,906425.0,369487.2,1961025.0
STEPS,2030,linear,1,low,82.0,high,68.0,luxury_mid,27.5,min,906425.0,197494.2,1961025.0
STEPS,2030,linear,1,low,82.0,high,68.0,luxury_mid,27.5,max,906425.0,539215.7,1961025.0
STEPS,2030,linear,1,low,82.0,high,68.0,hybrid_bound_mid,42.0,central,662100.0,564307.7,1409300.0
STEPS,2030,linear,1,low,82.0,high,68.0,hybrid_bound_mid,42.0,min,662100.0,301627.5,1409300.0
STEPS,2030,linear,1,low,82.0,high,68.0,hybrid_bound_mid,42.0,max,662100.0,823529.4,1409300.0
STEPS,2030,linear,1,mid,86.5,low,59.0,midsize_low,18.0,central,1130850.0,241846.2,2385050.0
STEPS,2030,linear,1,mid,86.5,low,59.0,midsize_low,18.0,min,1130850.0,129268.9,2385050.0
STEPS,2030,linear,1,mid,86.5,low,59.0,midsize_low,18.0,max,1130850.0,352941.2,2385050.0
STEPS,2030,linear,1,mid,86.5,low,59.0,midsize_mid,20.0,central,1097150.0,268717.9,2308950.0
STEPS,2030,linear,1,mid,86.5,low,59.0,midsize_mid,20.0,min,1097150.0,143632.1,2308950.0
STEPS,2030,linear,1,mid,86.5,low,59.0,midsize_mid,20.0,max,1097150.0,392156.9,2308950.0
STEPS,2030,linear,1,mid,86.5,low,59.0,midsize_high,22.0,central,1063450.0,295589.7,2232850.0
STEPS,2030,linear,1,mid,86.5,low,59.0,midsize_high,22.0,min,1063450.0,157995.4,2232850.0
STEPS,2030,linear,1,mid,86.5,low,59.0,midsize_high,22.0,max,1063450.0,431372.5,2232850.0
STEPS,2030,linear,1,mid,86.5,low,59.0,compact_mid,9.0,central,1282500.0,120923.1,2727500.0
STEPS,2030,linear,1,mid,86.5,low,59.0,compact_mid,9.0,min,1282500.0,64634.5,2727500.0
STEPS,2030,linear,1,mid,86.5,low,59.0,compact_mid,9.0,max,1282500.0,176470.6,2727500.0
STEPS,2030,linear,1,mid,86.5,low,59.0,luxury_mid,27.5,central,970775.0,369487.2,2023575.0
STEPS,2030,linear,1,mid,86.5,low,59.0,luxury_mid,27.5,min,970775.0,197494.2,2023575.0
STEPS,2030,linear,1,mid,86.5,low,59.0,luxury_mid,27.5,max,970775.0,539215.7,2023575.0
STEPS,2030,linear,1,mid,86.5,low,59.0,hybrid_bound_mid,42.0,central,726450.0,564307.7,1471850.0
STEPS,2030,linear,1,mid,86.5,low,59.0,hybrid_bound_mid,42.0,min,726450.0,301627.5,1471850.0
STEPS,2030,linear,1,mid,86.5,low,59.0,hybrid_bound_mid,42.0,max,726450.0,823529.4,1471850.0
STEPS,2030,linear,1,mid,86.5,mid,63.5,midsize_low,18.0,central,1134675.0,241846.2,2421275.0
STEPS,2030,linear,1,mid,86.5,mid,63.5,midsize_low,18.0,min,1134675.0,129268.9,2421275.0
STEPS,2030,linear,1,mid,86.5,mid,63.5,midsize_low,18.0,max,1134675.0,352941.2,2421275.0
STEPS,2030,linear,1,mid,86.5,mid,63.5,midsize_mid,20.0,central,1100975.0,268717.9,2345175.0
STEPS,2030,linear,1,mid,86.5,mid,63.5,midsize_mid,20.0,min,1100975.0,143632.1,2345175.0
STEPS,2030,linear,1,mid,86.5,mid,63.5,midsize_mid,20.0,max,1100975.0,392156.9,2345175.0
STEPS,2030,linear,1,mid,86.5,mid,63.5,midsize_high,22.0,central,1067275.0,295589.7,2269075.0
STEPS,2030,linear,1,mid,86.5,mid,63.5,midsize_high,22.0,min,1067275.0,157995.4,2269075.0
STEPS,2030,linear,1,mid,86.5,mid,63.5,midsize_high,22.0,max,1067275.0,431372.5,2269075.0
STEPS,2030,linear,1,mid,86.5,mid,63.5,compact_mid,9.0,central,1286325.0,120923.1,2763725.0
STEPS,2030,linear,1,mid,86.5,mid,63.5,compact_mid,9.0,min,1286325.0,64634.5,2763725.0
STEPS,2030,linear,1,mid,86.5,mid,63.5,compact_mid,9.0,max,1286325.0,176470.6,2763725.0
STEPS,2030,linear,1,mid,86.5,mid,63.5,luxury_mid,27.5,central,974600.0,369487.2,2059800.0
STEPS,2030,linear,1,mid,86.5,mid,63.5,luxury_mid,27.5,min,974600.0,197494.2,2059800.0
STEPS,2030,linear,1,mid,86.5,mid,63.5,luxury_mid,27.5,max,974600.0,539215.7,2059800.0
STEPS,2030,linear,1,mid,86.5,mid,63.5,hybrid_bound_mid,42.0,central,730275.0,564307.7,1508075.0
STEPS,2030,linear,1,mid,86.5,mid,63.5,hybrid_bound_mid,42.0,min,730275.0,301627.5,1508075.0
STEPS,2030,linear,1,mid,86.5,mid,63.5,hybrid_bound_mid,42.0,max,730275.0,823529.4,1508075.0
STEPS,2030,linear,1,mid,86.5,high,68.0,midsize_low,18.0,central,1138500.0,241846.2,2457500.0
STEPS,2030,linear,1,mid,86.5,high,68.0,midsize_low,18.0,min,1138500.0,129268.9,2457500.0
STEPS,2030,linear,1,mid,86.5,high,68.0,midsize_low,18.0,max,1138500.0,352941.2,2457500.0
STEPS,2030,linear,1,mid,86.5,high,68.0,midsize_mid,20.0,central,1104800.0,268717.9,2381400.0
STEPS,2030,linear,1,mid,86.5,high,68.0,midsize_mid,20.0,min,1104800.0,143632.1,2381400.0
STEPS,2030,linear,1,mid,86.5,high,68.0,midsize_mid,20.0,max,1104800.0,392156.9,2381400.0
STEPS,2030,linear,1,mid,86.5,high,68.0,midsize_high,22.0,central,1071100.0,295589.7,2305300.0
STEPS,2030,linear,1,mid,86.5,high,68.0,midsize_high,22.0,min,1071100.0,157995.4,2305300.0
STEPS,2030,linear,1,mid,86.5,high,68.0,midsize_high,22.0,max,1071100.0,431372.5,2305300.0
STEPS,2030,linear,1,mid,86.5,high,68.0,compact_mid,9.0,central,1290150.0,120923.1,2799950.0
STEPS,2030,linear,1,mid,86.5,high,68.0,compact_mid,9.0,min,1290150.0,64634.5,2799950.0
STEPS,2030,linear,1,mid,86.5,high,68.0,compact_mid,9.0,max,1290150.0,176470.6,2799950.0
STEPS,2030,linear,1,mid,86.5,high,68.0,luxury_mid,27.5,central,978425.0,369487.2,2096025.0
STEPS,2030,linear,1,mid,86.5,high,68.0,luxury_mid,27.5,min,978425.0,197494.2,2096025.0
STEPS,2030,linear,1,mid,86.5,high,68.0,luxury_mid,27.5,max,978425.0,539215.7,2096025.0
STEPS,2030,linear,1,mid,86.5,high,68.0,hybrid_bound_mid,42.0,central,734100.0,564307.7,1544300.0
STEPS,2030,linear,1,mid,86.5,high,68.0,hybrid_bound_mid,42.0,min,734100.0,301627.5,1544300.0
STEPS,2030,linear,1,mid,86.5,high,68.0,hybrid_bound_mid,42.0,max,734100.0,823529.4,1544300.0
STEPS,2030,linear,1,high,91.0,low,59.0,midsize_low,18.0,central,1202850.0,241846.2,2520050.0
STEPS,2030,linear,1,high,91.0,low,59.0,midsize_low,18.0,min,1202850.0,129268.9,2520050.0
STEPS,2030,linear,1,high,91.0,low,59.0,midsize_low,18.0,max,1202850.0,352941.2,2520050.0
STEPS,2030,linear,1,high,91.0,low,59.0,midsize_mid,20.0,central,1169150.0,268717.9,2443950.0
STEPS,2030,linear,1,high,91.0,low,59.0,midsize_mid,20.0,min,1169150.0,143632.1,2443950.0
STEPS,2030,linear,1,high,91.0,low,59.0,midsize_mid,20.0,max,1169150.0,392156.9,2443950.0
STEPS,2030,linear,1,high,91.0,low,59.0,midsize_high,22.0,central,1135450.0,295589.7,2367850.0
STEPS,2030,linear,1,high,91.0,low,59.0,midsize_high,22.0,min,1135450.0,157995.4,2367850.0
STEPS,2030,linear,1,high,91.0,low,59.0,midsize_high,22.0,max,1135450.0,431372.5,2367850.0
STEPS,2030,linear,1,high,91.0,low,59.0,compact_mid,9.0,central,1354500.0,120923.1,2862500.0
STEPS,2030,linear,1,high,91.0,low,59.0,compact_mid,9.0,min,1354500.0,64634.5,2862500.0
STEPS,2030,linear,1,high,91.0,low,59.0,compact_mid,9.0,max,1354500.0,176470.6,2862500.0
STEPS,2030,linear,1,high,91.0,low,59.0,luxury_mid,27.5,central,1042775.0,369487.2,2158575.0
STEPS,2030,linear,1,high,91.0,low,59.0,luxury_mid,27.5,min,1042775.0,197494.2,2158575.0
STEPS,2030,linear,1,high,91.0,low,59.0,luxury_mid,27.5,max,1042775.0,539215.7,2158575.0
STEPS,2030,linear,1,high,91.0,low,59.0,hybrid_bound_mid,42.0,central,798450.0,564307.7,1606850.0
STEPS,2030,linear,1,high,91.0,low,59.0,hybrid_bound_mid,42.0,min,798450.0,301627.5,1606850.0
STEPS,2030,linear,1,high,91.0,low,59.0,hybrid_bound_mid,42.0,max,798450.0,823529.4,1606850.0
STEPS,2030,linear,1,high,91.0,mid,63.5,midsize_low,18.0,central,1206675.0,241846.2,2556275.0
STEPS,2030,linear,1,high,91.0,mid,63.5,midsize_low,18.0,min,1206675.0,129268.9,2556275.0
STEPS,2030,linear,1,high,91.0,mid,63.5,midsize_low,18.0,max,1206675.0,352941.2,2556275.0
STEPS,2030,linear,1,high,91.0,mid,63.5,midsize_mid,20.0,central,1172975.0,268717.9,2480175.0
STEPS,2030,linear,1,high,91.0,mid,63.5,midsize_mid,20.0,min,1172975.0,143632.1,2480175.0
STEPS,2030,linear,1,high,91.0,mid,63.5,midsize_mid,20.0,max,1172975.0,392156.9,2480175.0
STEPS,2030,linear,1,high,91.0,mid,63.5,midsize_high,22.0,central,1139275.0,295589.7,2404075.0
STEPS,2030,linear,1,high,91.0,mid,63.5,midsize_high,22.0,min,1139275.0,157995.4,2404075.0
STEPS,2030,linear,1,high,91.0,mid,63.5,midsize_high,22.0,max,1139275.0,431372.5,2404075.0
STEPS,2030,linear,1,high,91.0,mid,63.5,compact_mid,9.0,central,1358325.0,120923.1,2898725.0
STEPS,2030,linear,1,high,91.0,mid,63.5,compact_mid,9.0,min,1358325.0,64634.5,2898725.0
STEPS,2030,linear,1,high,91.0,mid,63.5,compact_mid,9.0,max,1358325.0,176470.6,2898725.0
STEPS,2030,linear,1,high,91.0,mid,63.5,luxury_mid,27.5,central,1046600.0,369487.2,2194800.0
STEPS,2030,linear,1,high,91.0,mid,63.5,luxury_mid,27.5,min,1046600.0,197494.2,2194800.0
STEPS,2030,linear,1,high,91.0,mid,63.5,luxury_mid,27.5,max,1046600.0,539215.7,2194800.0
STEPS,2030,linear,1,high,91.0,mid,63.5,hybrid_bound_mid,42.0,central,802275.0,564307.7,1643075.0
STEPS,2030,linear,1,high,91.0,mid,63.5,hybrid_bound_mid,42.0,min,802275.0,301627.5,1643075.0
STEPS,2030,linear,1,high,91.0,mid,63.5,hybrid_bound_mid,42.0,max,802275.0,823529.4,1643075.0
STEPS,2030,linear,1,high,91.0,high,68.0,midsize_low,18.0,central,1210500.0,241846.2,2592500.0
STEPS,2030,linear,1,high,91.0,high,68.0,midsize_low,18.0,min,1210500.0,129268.9,2592500.0
STEPS,2030,linear,1,high,91.0,high,68.0,midsize_low,18.0,max,1210500.0,352941.2,2592500.0
STEPS,2030,linear,1,high,91.0,high,68.0,midsize_mid,20.0,central,1176800.0,268717.9,2516400.0
STEPS,2030,linear,1,high,91.0,high,68.0,midsize_mid,20.0,min,1176800.0,143632.1,2516400.0
STEPS,2030,linear,1,high,91.0,high,68.0,midsize_mid,20.0,max,1176800.0,392156.9,2516400.0
STEPS,2030,linear,1,high,91.0,high,68.0,midsize_high,22.0,central,1143100.0,295589.7,2440300.0
STEPS,2030,linear,1,high,91.0,high,68.0,midsize_high,22.0,min,1143100.0,157995.4,2440300.0
STEPS,2030,linear,1,high,91.0,high,68.0,midsize_high,22.0,max,1143100.0,431372.5,2440300.0
STEPS,2030,linear,1,high,91.0,high,68.0,compact_mid,9.0,central,1362150.0,120923.1,2934950.0
STEPS,2030,linear,1,high,91.0,high,68.0,compact_mid,9.0,min,1362150.0,64634.5,2934950.0
STEPS,2030,linear,1,high,91.0,high,68.0,compact_mid,9.0,max,1362150.0,176470.6,2934950.0
STEPS,2030,linear,1,high,91.0,high,68.0,luxury_mid,27.5,central,1050425.0,369487.2,2231025.0
STEPS,2030,linear,1,high,91.0,high,68.0,luxury_mid,27.5,min,1050425.0,197494.2,2231025.0
STEPS,2030,linear,1,high,91.0,high,68.0,luxury_mid,27.5,max,1050425.0,539215.7,2231025.0
STEPS,2030,linear,1,high,91.0,high,68.0,hybrid_bound_mid,42.0,central,806100.0,564307.7,1679300.0
STEPS,2030,linear,1,high,91.0,high,68.0,hybrid_bound_mid,42.0,min,806100.0,301627.5,1679300.0
STEPS,2030,linear,1,high,91.0,high,68.0,hybrid_bound_mid,42.0,max,806100.0,823529.4,1679300.0
