rank,country,display_name,iso_a3,m49,placeable,production_2025e_kt,is_estimate,share_of_world_production_pct,reserves_kt,share_of_world_reserves_pct,reserve_life_years
1.0,Chile,Chile,CHL,152,1,5300.0,1,23.0,180000.0,18.4,34.0
2.0,Congo (Kinshasa),DR Congo,COD,180,1,3200.0,1,13.9,80000.0,8.2,25.0
3.0,Peru,Peru,PER,604,1,2700.0,1,11.7,85000.0,8.7,31.0
4.0,China,China,CHN,156,1,1800.0,1,7.8,41000.0,4.2,23.0
5.0,Russia,Russia,RUS,643,1,1300.0,1,5.7,80000.0,8.2,62.0
6.0,United States,United States,USA,840,1,1000.0,1,4.3,47000.0,4.8,47.0
7.0,Zambia,Zambia,ZMB,894,1,940.0,1,4.1,21000.0,2.1,22.0
8.0,Australia,Australia,AUS,036,1,730.0,1,3.2,100000.0,10.2,137.0
9.0,Indonesia,Indonesia,IDN,360,1,710.0,1,3.1,21000.0,2.1,30.0
10.0,Kazakhstan,Kazakhstan,KAZ,398,1,710.0,1,3.1,20000.0,2.0,28.0
11.0,Mexico,Mexico,MEX,484,1,690.0,1,3.0,53000.0,5.4,77.0
12.0,Canada,Canada,CAN,124,1,500.0,1,2.2,7000.0,0.7,14.0
13.0,Poland,Poland,POL,616,1,410.0,1,1.8,33000.0,3.4,80.0
14.0,India,India,IND,356,1,23.0,1,0.1,2200.0,0.2,96.0
,Other countries,Other countries,,,0,3000.0,1,13.0,210000.0,21.4,70.0
,World total,World,,,0,23000.0,1,100.0,980000.0,100.0,43.0
