month,dollar_pct,copper_pct,direction
2006-02-01,0.211,5.239,same
2006-03-01,0.216,2.429,same
2006-04-01,-0.682,25.181,opposite
2006-05-01,-2.237,25.955,opposite
2006-06-01,1.211,-10.539,opposite
2006-07-01,-0.257,7.141,opposite
2006-08-01,-0.736,-0.207,same
2006-09-01,0.274,-1.221,opposite
2006-10-01,0.341,-1.342,opposite
2006-11-01,-0.816,-6.28,same
2006-12-01,-0.737,-5.036,same
2007-01-01,1.073,-15.056,opposite
2007-02-01,-0.365,0.106,opposite
2007-03-01,-0.477,13.672,opposite
2007-04-01,-1.422,20.366,opposite
2007-05-01,-0.951,-1.095,same
2007-06-01,-0.293,-2.695,same
2007-07-01,-1.312,6.676,opposite
2007-08-01,0.595,-5.757,opposite
2007-09-01,-1.412,1.797,opposite
2007-10-01,-2.203,4.693,opposite
2007-11-01,-1.49,-13.0,same
2007-12-01,1.069,-5.44,opposite
2008-01-01,-0.675,7.18,opposite
2008-02-01,-0.843,11.712,opposite
2008-03-01,-2.035,6.985,opposite
2008-04-01,-0.337,2.915,opposite
2008-05-01,0.32,-3.477,opposite
2008-06-01,0.286,-1.455,opposite
2008-07-01,-0.711,1.852,opposite
2008-08-01,2.882,-9.258,opposite
2008-09-01,2.608,-8.435,opposite
2008-10-01,7.423,-29.538,opposite
2008-11-01,2.781,-24.543,opposite
2008-12-01,-1.096,-17.353,same
2009-01-01,0.692,4.85,same
2009-02-01,2.612,2.918,same
2009-03-01,0.453,13.122,same
2009-04-01,-2.633,17.52,opposite
2009-05-01,-3.142,3.676,opposite
2009-06-01,-1.547,9.74,opposite
2009-07-01,-0.398,4.029,opposite
2009-08-01,-1.346,18.194,opposite
2009-09-01,-0.752,0.503,opposite
2009-10-01,-1.499,1.485,opposite
2009-11-01,-0.499,6.17,opposite
2009-12-01,0.5,4.584,same
2010-01-01,0.197,5.786,same
2010-02-01,1.565,-7.284,opposite
2010-03-01,-0.785,8.981,opposite
2010-04-01,-0.548,3.779,opposite
2010-05-01,3.121,-11.711,opposite
2010-06-01,0.555,-4.958,opposite
2010-07-01,-1.672,3.631,opposite
2010-08-01,-0.818,8.151,opposite
2010-09-01,-0.982,5.835,opposite
2010-10-01,-2.731,7.563,opposite
2010-11-01,0.311,2.147,same
2010-12-01,0.745,7.993,same
2011-01-01,-1.176,4.471,opposite
2011-02-01,-0.793,3.265,opposite
2011-03-01,-1.017,-3.699,same
2011-04-01,-1.77,-0.105,same
2011-05-01,0.029,-5.615,opposite
2011-06-01,-0.006,1.194,opposite
2011-07-01,-0.717,6.43,opposite
2011-08-01,0.672,-6.725,opposite
2011-09-01,3.253,-7.788,opposite
2011-10-01,0.986,-10.916,opposite
2011-11-01,0.723,2.529,same
2011-12-01,1.031,-0.211,opposite
2012-01-01,-0.607,6.279,opposite
2012-02-01,-1.839,4.988,opposite
2012-03-01,0.612,0.355,same
2012-04-01,0.336,-2.149,opposite
2012-05-01,1.847,-4.017,opposite
2012-06-01,1.501,-6.699,opposite
2012-07-01,-0.506,2.169,opposite
2012-08-01,-0.94,-0.897,same
2012-09-01,-1.673,7.61,opposite
2012-10-01,-0.246,-0.321,same
2012-11-01,0.792,-4.354,opposite
2012-12-01,-0.65,3.307,opposite
2013-01-01,-0.06,1.017,opposite
2013-02-01,0.799,0.174,same
2013-03-01,0.942,-5.148,opposite
2013-04-01,-0.395,-5.388,same
2013-05-01,0.523,0.207,same
2013-06-01,0.816,-3.435,opposite
2013-07-01,0.631,-1.329,opposite
2013-08-01,-0.168,4.141,opposite
2013-09-01,-0.261,-0.473,same
2013-10-01,-1.039,0.615,opposite
2013-11-01,0.945,-1.833,opposite
2013-12-01,0.172,2.036,same
2014-01-01,0.995,1.053,same
2014-02-01,0.191,-1.948,opposite
2014-03-01,-0.216,-6.98,same
2014-04-01,-0.471,0.361,opposite
2014-05-01,-0.346,3.251,opposite
2014-06-01,0.168,-1.016,opposite
2014-07-01,-0.238,4.281,opposite
2014-08-01,1.044,-1.561,opposite
2014-09-01,1.628,-1.857,opposite
2014-10-01,1.372,-1.964,opposite
2014-11-01,1.719,-0.356,opposite
2014-12-01,2.35,-3.977,opposite
2015-01-01,2.284,-9.541,opposite
2015-02-01,1.357,-1.749,opposite
2015-03-01,2.088,3.683,same
2015-04-01,-0.943,1.717,opposite
2015-05-01,-0.889,4.187,opposite
2015-06-01,0.733,-7.339,opposite
2015-07-01,1.831,-6.446,opposite
2015-08-01,1.714,-6.047,opposite
2015-09-01,0.795,1.755,same
2015-10-01,-0.855,-0.019,same
2015-11-01,1.627,-7.975,opposite
2015-12-01,0.98,-3.354,opposite
2016-01-01,2.171,-3.6,opposite
2016-02-01,-0.827,2.84,opposite
2016-03-01,-2.09,7.719,opposite
2016-04-01,-1.677,-1.635,same
2016-05-01,1.021,-3.653,opposite
2016-06-01,0.377,-1.129,opposite
2016-07-01,0.823,4.804,same
2016-08-01,-0.924,-2.323,same
2016-09-01,0.788,-0.631,opposite
2016-10-01,1.031,0.191,same
2016-11-01,2.32,15.219,same
2016-12-01,1.548,3.834,same
2017-01-01,-0.101,1.678,opposite
2017-02-01,-1.414,3.232,opposite
2017-03-01,-0.4,-1.953,same
2017-04-01,-0.766,-2.421,same
2017-05-01,-0.445,-1.478,same
2017-06-01,-1.312,2.143,opposite
2017-07-01,-1.507,4.633,opposite
2017-08-01,-1.04,8.371,opposite
2017-09-01,-0.957,1.403,opposite
2017-10-01,1.869,3.512,same
2017-11-01,0.247,0.279,same
2017-12-01,-0.259,0.103,opposite
2018-01-01,-2.272,3.395,opposite
2018-02-01,-0.652,-0.835,same
2018-03-01,0.276,-2.968,opposite
2018-04-01,-0.004,0.78,opposite
2018-05-01,2.875,-0.394,opposite
2018-06-01,1.619,2.066,same
2018-07-01,0.191,-10.264,opposite
2018-08-01,0.683,-3.199,opposite
2018-09-01,0.217,0.0,unchanged
2018-10-01,0.66,2.793,same
2018-11-01,1.165,-0.386,opposite
2018-12-01,0.037,-1.953,opposite
2019-01-01,-1.522,-2.239,same
2019-02-01,-0.026,6.078,opposite
2019-03-01,0.324,2.206,same
2019-04-01,0.105,-0.016,opposite
2019-05-01,0.917,-6.524,opposite
2019-06-01,-0.457,-2.26,same
2019-07-01,-0.303,1.003,opposite
2019-08-01,1.758,-3.905,opposite
2019-09-01,0.191,0.876,same
2019-10-01,-0.492,-0.035,same
2019-11-01,-0.16,1.789,opposite
2019-12-01,-0.558,3.703,opposite
2020-01-01,-0.544,-0.757,same
2020-02-01,1.241,-5.687,opposite
2020-03-01,3.695,-8.878,opposite
2020-04-01,1.865,-2.412,opposite
2020-05-01,-0.54,3.598,opposite
2020-06-01,-2.396,9.828,opposite
2020-07-01,-0.824,10.721,opposite
2020-08-01,-1.47,1.993,opposite
2020-09-01,-0.515,3.17,opposite
2020-10-01,-0.484,0.134,opposite
2020-11-01,-1.452,5.287,opposite
2020-12-01,-1.927,9.945,opposite
2021-01-01,-0.368,2.573,opposite
2021-02-01,0.475,6.259,same
2021-03-01,1.178,6.103,same
2021-04-01,-0.621,3.749,opposite
2021-05-01,-1.261,8.976,opposite
2021-06-01,0.329,-5.216,opposite
2021-07-01,1.331,-1.879,opposite
2021-08-01,0.3,-0.857,opposite
2021-09-01,0.036,-0.48,opposite
2021-10-01,0.546,5.405,same
2021-11-01,0.812,-1.017,opposite
2021-12-01,0.709,-1.83,opposite
2022-01-01,-0.663,2.419,opposite
2022-02-01,-0.034,1.646,opposite
2022-03-01,1.124,2.897,same
2022-04-01,0.755,-0.684,opposite
2022-05-01,2.157,-7.716,opposite
2022-06-01,0.275,-3.765,opposite
2022-07-01,2.271,-16.39,opposite
2022-08-01,-0.353,5.792,opposite
2022-09-01,2.679,-2.957,opposite
2022-10-01,1.502,-1.226,opposite
2022-11-01,-2.061,5.215,opposite
2022-12-01,-2.097,4.037,opposite
2023-01-01,-1.983,7.916,opposite
2023-02-01,0.416,-1.118,opposite
2023-03-01,0.363,-0.906,opposite
2023-04-01,-1.242,-0.531,same
2023-05-01,0.322,-6.72,opposite
2023-06-01,-0.278,2.191,opposite
2023-07-01,-1.046,0.953,opposite
2023-08-01,1.531,-1.51,opposite
2023-09-01,1.493,-0.862,opposite
2023-10-01,1.522,-4.108,opposite
2023-11-01,-1.842,3.188,opposite
2023-12-01,-1.146,2.564,opposite
2024-01-01,0.329,-0.726,opposite
2024-02-01,0.697,-0.408,opposite
2024-03-01,-0.336,4.624,opposite
2024-04-01,1.23,8.919,same
2024-05-01,-0.233,7.132,opposite
2024-06-01,1.519,-4.843,opposite
2024-07-01,-0.264,-2.726,same
2024-08-01,-0.623,-4.401,same
2024-09-01,-0.594,2.954,opposite
2024-10-01,1.403,3.215,same
2024-11-01,2.198,-4.804,opposite
2024-12-01,1.001,-1.763,opposite
2025-01-01,0.989,0.841,same
2025-02-01,-0.746,3.782,opposite
2025-03-01,-1.277,4.383,opposite
2025-04-01,-1.666,-5.78,same
2025-05-01,-1.448,3.879,opposite
2025-06-01,-1.429,3.168,opposite
2025-07-01,-0.399,-0.651,same
2025-08-01,0.386,-1.034,opposite
2025-09-01,-0.453,3.247,opposite
2025-10-01,0.61,7.572,same
2025-11-01,0.543,0.67,same
2025-12-01,-1.013,8.999,opposite
2026-01-01,-0.798,10.412,opposite
2026-02-01,-1.11,-0.469,same
2026-03-01,1.708,-3.258,opposite
2026-04-01,-0.737,3.368,opposite
2026-05-01,-0.216,4.571,opposite
2026-06-01,1.098,0.066,same
2026-07-01,0.428,-0.066,opposite
2026-08-01,-1.448,5.782,opposite
