horizon_m,period,predictor,slope,slope_ci_low,slope_ci_high,p_hac,r_squared,months
6,1970-01 to latest,log of the ratio,-0.056268155599466116,-0.10906853496893007,-0.003467776230002162,0.03673575009475503,0.02468650203640088,674
6,1970-01 to latest,"percentile, all earlier months (0 to 1)",-0.06467884364208584,-0.1390802608622272,0.009722573578055504,0.08841074827425416,0.01652818105661391,674
6,1970-01 to latest,"percentile, previous 10 years (0 to 1)",-0.06786809312251305,-0.14297213860179162,0.007235952356765524,0.07653910809658862,0.01932706735609213,674
6,1970-01 to 1999-12,log of the ratio,-0.2800213189005079,-0.5136737627617641,-0.04636887503925166,0.01882777814234018,0.1584947070270991,360
6,1970-01 to 1999-12,"percentile, all earlier months (0 to 1)",-0.23586689731169702,-0.4436090530143727,-0.028124741609021342,0.026060458052789677,0.09714717881085266,360
6,1970-01 to 1999-12,"percentile, previous 10 years (0 to 1)",-0.15090252400146698,-0.28857505992321775,-0.013229988079716232,0.03168900636343083,0.06425043496603033,360
6,2000-01 to latest,log of the ratio,-0.07711707387090298,-0.13857531397409806,-0.015658833767707922,0.013919285759119824,0.0713600901288598,314
6,2000-01 to latest,"percentile, all earlier months (0 to 1)",-0.06735602150116188,-0.15301927506235158,0.018307232060027837,0.12329319918941634,0.023136534340419068,314
6,2000-01 to latest,"percentile, previous 10 years (0 to 1)",-0.024180959938553105,-0.08911755683848799,0.04075563696138177,0.4654834279417944,0.00404739033639423,314
12,1970-01 to latest,log of the ratio,-0.09237097642174438,-0.18359025968204257,-0.0011516931614462128,0.04717679035203006,0.03850537685823441,668
12,1970-01 to latest,"percentile, all earlier months (0 to 1)",-0.11347149058878203,-0.23885948876283508,0.011916507585271019,0.07611365432721995,0.029711235575740513,668
12,1970-01 to latest,"percentile, previous 10 years (0 to 1)",-0.11099571872404698,-0.23997521451171608,0.017983777063622114,0.0916641910250899,0.030233987896489012,668
12,1970-01 to 1999-12,log of the ratio,-0.4792057484497009,-0.7828665938989918,-0.17554490300040992,0.001981375100661366,0.2608143015701363,360
12,1970-01 to 1999-12,"percentile, all earlier months (0 to 1)",-0.4212686069376507,-0.7255247966024234,-0.11701241727287803,0.006652894878297851,0.17412823250123133,360
12,1970-01 to 1999-12,"percentile, previous 10 years (0 to 1)",-0.2547607272387132,-0.4763368857609904,-0.03318456871643591,0.02422764731539706,0.10289702494098696,360
12,2000-01 to latest,log of the ratio,-0.12368909337517867,-0.2363774393140164,-0.011000747436340955,0.031452717494205085,0.1347561087180431,308
12,2000-01 to latest,"percentile, all earlier months (0 to 1)",-0.11106162974338518,-0.27511606587719545,0.052992806390425085,0.18455595578223194,0.046577438799259796,308
12,2000-01 to latest,"percentile, previous 10 years (0 to 1)",-0.03286039686967254,-0.14443954169598472,0.07871874795663965,0.5637939934535994,0.005504274895807515,308
