bar_order,bar,alt_label,ev_transition_t,market_growth_t,dc_extra_vs_base_t,dc_new_capacity_t,headline_total_t,headline_total_pct_of_mine,change_vs_reference_t,note,swing_kt
0,Reference case,Reference case,926650.0,291830.98591549305,262500.0,752500.0,1189150.0,5.170217391304348,0.0,,
1,IEA EV scenario (CPS or STEPS),STEPS,1100975.0,268717.9487179488,262500.0,752500.0,1363475.0,5.928152173913044,174325.0,,174.325
2,2030 EV path (straight line or constant growth),constant growth,677158.6665244246,211858.9891380936,262500.0,752500.0,939658.6665244246,4.085472463149672,-249491.33347557543,,249.49133347557543
3,Copper per battery-electric car (82-91 kg),82 kg,863650.0,291830.98591549305,262500.0,752500.0,1126150.0,4.896304347826087,-63000.0,,126.0
3,Copper per battery-electric car (82-91 kg),91 kg,989650.0,291830.98591549305,262500.0,752500.0,1252150.0,5.444130434782609,63000.0,,126.0
4,Copper per plug-in hybrid car (59-68 kg),68 kg,926200.0,291830.98591549305,262500.0,752500.0,1188700.0,5.168260869565217,-450.0,,0.9
4,Copper per plug-in hybrid car (59-68 kg),59 kg,927100.0,291830.98591549305,262500.0,752500.0,1189600.0,5.172173913043478,450.0,,0.9
5,"Copper in the petrol car replaced, mid-size (18-22 kg)",22 kg,898850.0,321014.0845070424,262500.0,752500.0,1161350.0,5.049347826086956,-27800.0,,55.6
5,"Copper in the petrol car replaced, mid-size (18-22 kg)",18 kg,954450.0,262647.8873239438,262500.0,752500.0,1216950.0,5.291086956521739,27800.0,,55.6
6,"Size of the petrol car replaced (compact 8-10 kg, luxury 25-30 kg)","luxury, 27.5 kg",822400.0,401267.60563380294,262500.0,752500.0,1084900.0,4.716956521739131,-104250.0,,257.15
6,"Size of the petrol car replaced (compact 8-10 kg, luxury 25-30 kg)","compact, 9 kg",1079550.0,131323.9436619719,262500.0,752500.0,1342050.0,5.835,152900.0,,257.15
7,Bounding case: all non-EV cars treated as hybrids (39-45 kg),"hybrids, 42 kg",620850.0,612845.0704225354,262500.0,752500.0,883350.0,3.8406521739130435,-305800.0,,305.8
8,Data-centre IEA case,Headwinds,926650.0,291830.98591549305,-134166.6666666667,355833.3333333333,792483.3333333333,3.445579710144927,-396666.66666666674,"The yearly build in this case is slower than the base-year build, so less copper goes into new capacity each year than in the base year. This is a slower build, not negative demand.",857.5
8,Data-centre IEA case,High Efficiency,926650.0,291830.98591549305,23333.333333333314,513333.3333333333,949983.3333333333,4.13036231884058,-239166.66666666674,,857.5
8,Data-centre IEA case,Lift-Off,926650.0,291830.98591549305,723333.3333333333,1213333.3333333333,1649983.3333333333,7.173840579710145,460833.33333333326,,857.5
9,Data-centre build path (even or constant growth),constant growth,926650.0,291830.98591549305,547417.0723058578,1037417.0723058578,1474067.0723058577,6.408987270895033,284917.07230585767,,284.9170723058577
10,Copper per MW (30-40 t/MW),30 t/MW,926650.0,291830.98591549305,225000.0,645000.0,1151650.0,5.007173913043479,-37500.0,,75.0
10,Copper per MW (30-40 t/MW),"fibre shift, 30.5 t/MW",926650.0,291830.98591549305,228750.0,655750.0,1155400.0,5.023478260869566,-33750.0,,75.0
10,Copper per MW (30-40 t/MW),40 t/MW,926650.0,291830.98591549305,300000.0,860000.0,1226650.0,5.333260869565217,37500.0,,75.0
11,Capacity basis (total or IT capacity),IT capacity,926650.0,291830.98591549305,233333.33333333337,618333.3333333334,1159983.3333333335,5.0434057971014505,-29166.66666666651,,29.16666666666651
12,Base-year build subtracted (2023-24 or 2020-24 average),"2020-24 average, 9.25 GW",926650.0,291830.98591549305,428750.0,752500.0,1355400.0,5.89304347826087,166250.0,,166.25
13,Rounding of IEA EV sales and shares (car-market growth only),least growth,926650.0,161564.62585034044,262500.0,752500.0,1189150.0,5.170217391304348,0.0,,
13,Rounding of IEA EV sales and shares (car-market growth only),most growth,926650.0,420728.2913165268,262500.0,752500.0,1189150.0,5.170217391304348,0.0,,
