month,copper_usd_t,aluminium_usd_t,ratio
1960-01-01,715.0,511.0,1.3992
1960-02-01,728.0,511.0,1.4247
1960-03-01,685.0,511.0,1.3405
1960-04-01,723.0,511.0,1.4149
1960-05-01,685.0,511.0,1.3405
1960-06-01,692.0,511.0,1.3542
1960-07-01,702.0,511.0,1.3738
1960-08-01,676.0,511.0,1.3229
1960-09-01,647.0,511.0,1.2661
1960-10-01,613.0,511.0,1.1996
1960-11-01,642.0,511.0,1.2564
1960-12-01,637.0,511.0,1.2466
1961-01-01,607.0,511.0,1.1879
1961-02-01,617.0,511.0,1.2074
1961-03-01,621.0,511.0,1.2153
1961-04-01,632.0,511.0,1.2368
1961-05-01,668.0,511.0,1.3072
1961-06-01,652.0,511.0,1.2759
1961-07-01,633.0,511.0,1.2387
1961-08-01,636.0,511.0,1.2446
1961-09-01,633.0,511.0,1.2387
1961-10-01,630.0,511.0,1.2329
1961-11-01,632.0,511.0,1.2368
1961-12-01,635.0,511.0,1.2427
1962-01-01,635.0,511.0,1.2427
1962-02-01,648.0,505.0,1.2832
1962-03-01,648.0,496.0,1.3065
1962-04-01,646.0,496.0,1.3024
1962-05-01,646.0,496.0,1.3024
1962-06-01,646.0,496.0,1.3024
1962-07-01,646.0,496.0,1.3024
1962-08-01,646.0,496.0,1.3024
1962-09-01,646.0,496.0,1.3024
1962-10-01,646.0,496.0,1.3024
1962-11-01,646.0,496.0,1.3024
1962-12-01,646.0,496.0,1.3024
1963-01-01,646.0,496.0,1.3024
1963-02-01,646.0,496.0,1.3024
1963-03-01,646.0,496.0,1.3024
1963-04-01,646.0,496.0,1.3024
1963-05-01,646.0,496.0,1.3024
1963-06-01,646.0,496.0,1.3024
1963-07-01,646.0,496.0,1.3024
1963-08-01,646.0,496.0,1.3024
1963-09-01,646.0,496.0,1.3024
1963-10-01,646.0,507.0,1.2742
1963-11-01,646.0,507.0,1.2742
1963-12-01,650.0,507.0,1.2821
1964-01-01,656.0,507.0,1.2939
1964-02-01,694.0,507.0,1.3688
1964-03-01,745.0,525.0,1.419
1964-04-01,862.0,529.0,1.6295
1964-05-01,828.0,529.0,1.5652
1964-06-01,808.0,529.0,1.5274
1964-07-01,855.0,529.0,1.6163
1964-08-01,999.0,529.0,1.8885
1964-09-01,1162.0,529.0,2.1966
1964-10-01,1358.0,529.0,2.5671
1964-11-01,1400.0,529.0,2.6465
1964-12-01,1269.0,540.0,2.35
1965-01-01,1001.0,540.0,1.8537
1965-02-01,1180.0,540.0,2.1852
1965-03-01,1237.0,540.0,2.2907
1965-04-01,1348.0,540.0,2.4963
1965-05-01,1379.0,540.0,2.5537
1965-06-01,1309.0,540.0,2.4241
1965-07-01,1134.0,540.0,2.1
1965-08-01,1210.0,540.0,2.2407
1965-09-01,1328.0,540.0,2.4593
1965-10-01,1402.0,540.0,2.5963
1965-11-01,1469.0,540.0,2.7204
1965-12-01,1518.0,540.0,2.8111
1966-01-01,1679.0,540.0,3.1093
1966-02-01,1874.0,540.0,3.4704
1966-03-01,1875.0,540.0,3.4722
1966-04-01,1907.0,540.0,3.5315
1966-05-01,1664.0,540.0,3.0815
1966-06-01,1696.0,540.0,3.1407
1966-07-01,1568.0,540.0,2.9037
1966-08-01,1195.0,540.0,2.213
1966-09-01,1128.0,540.0,2.0889
1966-10-01,1275.0,540.0,2.3611
1966-11-01,1302.0,540.0,2.4111
1966-12-01,1215.0,540.0,2.25
1967-01-01,1244.0,540.0,2.3037
1967-02-01,1220.0,540.0,2.2593
1967-03-01,1098.0,540.0,2.0333
1967-04-01,995.0,540.0,1.8426
1967-05-01,1036.0,540.0,1.9185
1967-06-01,1015.0,540.0,1.8796
1967-07-01,997.0,540.0,1.8463
1967-08-01,1045.0,540.0,1.9352
1967-09-01,1060.0,540.0,1.963
1967-10-01,1138.0,540.0,2.1074
1967-11-01,1444.0,540.0,2.6741
1967-12-01,1324.0,540.0,2.4519
1968-01-01,1409.0,540.0,2.6093
1968-02-01,1720.0,540.0,3.1852
1968-03-01,1701.0,540.0,3.15
1968-04-01,1255.0,540.0,2.3241
1968-05-01,1097.0,540.0,2.0315
1968-06-01,1137.0,562.0,2.0231
1968-07-01,1054.0,562.0,1.8754
1968-08-01,1056.0,562.0,1.879
1968-09-01,1110.0,562.0,1.9751
1968-10-01,1080.0,562.0,1.9217
1968-11-01,1100.0,562.0,1.9573
1968-12-01,1185.0,562.0,2.1085
1969-01-01,1256.0,573.0,2.192
1969-02-01,1285.0,584.0,2.2003
1969-03-01,1278.0,584.0,2.1884
1969-04-01,1388.0,584.0,2.3767
1969-05-01,1392.0,584.0,2.3836
1969-06-01,1483.0,584.0,2.5394
1969-07-01,1454.0,584.0,2.4897
1969-08-01,1607.0,584.0,2.7517
1969-09-01,1579.0,584.0,2.7038
1969-10-01,1554.0,602.0,2.5814
1969-11-01,1631.0,606.0,2.6914
1969-12-01,1700.0,606.0,2.8053
1970-01-01,1626.0,606.0,2.6832
1970-02-01,1657.0,606.0,2.7343
1970-03-01,1754.0,606.0,2.8944
1970-04-01,1742.0,613.0,2.8418
1970-05-01,1598.0,617.0,2.59
1970-06-01,1458.0,617.0,2.363
1970-07-01,1367.0,617.0,2.2156
1970-08-01,1267.0,617.0,2.0535
1970-09-01,1247.0,617.0,2.0211
1970-10-01,1142.0,617.0,1.8509
1970-11-01,1085.0,617.0,1.7585
1970-12-01,1046.0,617.0,1.6953
1971-01-01,1010.0,617.0,1.637
1971-02-01,1020.0,617.0,1.6532
1971-03-01,1144.0,617.0,1.8541
1971-04-01,1252.0,617.0,2.0292
1971-05-01,1114.0,617.0,1.8055
1971-06-01,1074.0,617.0,1.7407
1971-07-01,1115.0,617.0,1.8071
1971-08-01,1098.0,628.0,1.7484
1971-09-01,1056.0,639.0,1.6526
1971-10-01,1041.0,639.0,1.6291
1971-11-01,1014.0,642.0,1.5794
1971-12-01,1038.0,666.0,1.5586
1972-01-01,1078.0,670.0,1.609
1972-02-01,1112.0,670.0,1.6597
1972-03-01,1108.0,670.0,1.6537
1972-04-01,1133.0,670.0,1.691
1972-05-01,1106.0,600.0,1.8433
1972-06-01,1063.0,567.0,1.8748
1972-07-01,1035.0,538.0,1.9238
1972-08-01,1047.0,540.0,1.9389
1972-09-01,1061.0,538.0,1.9721
1972-10-01,918.0,538.0,1.7063
1972-11-01,1007.0,540.0,1.8648
1972-12-01,1024.0,540.0,1.8963
1973-01-01,1119.0,542.0,2.0646
1973-02-01,1244.0,558.0,2.2294
1973-03-01,1510.0,571.0,2.6445
1973-04-01,1588.0,571.0,2.7811
1973-05-01,1552.0,582.0,2.6667
1973-06-01,1749.0,602.0,2.9053
1973-07-01,2021.0,635.0,3.1827
1973-08-01,2123.0,619.0,3.4297
1973-09-01,1936.0,604.0,3.2053
1973-10-01,2065.0,622.0,3.3199
1973-11-01,2273.0,650.0,3.4969
1973-12-01,2244.0,633.0,3.545
1974-01-01,2032.0,604.0,3.3642
1974-02-01,2292.0,619.0,3.7027
1974-03-01,2743.0,688.0,3.9869
1974-04-01,3032.0,752.0,4.0319
1974-05-01,2876.0,765.0,3.7595
1974-06-01,2440.0,756.0,3.2275
1974-07-01,1919.0,761.0,2.5217
1974-08-01,1803.0,849.0,2.1237
1974-09-01,1461.0,838.0,1.7434
1974-10-01,1399.0,844.0,1.6576
1974-11-01,1417.0,842.0,1.6829
1974-12-01,1289.0,860.0,1.4988
1975-01-01,1211.0,895.0,1.3531
1975-02-01,1267.0,908.0,1.3954
1975-03-01,1344.0,917.0,1.4656
1975-04-01,1329.0,897.0,1.4816
1975-05-01,1254.0,904.0,1.3872
1975-06-01,1193.0,904.0,1.3197
1975-07-01,1222.0,864.0,1.4144
1975-08-01,1277.0,838.0,1.5239
1975-09-01,1210.0,827.0,1.4631
1975-10-01,1179.0,816.0,1.4449
1975-11-01,1180.0,814.0,1.4496
1975-12-01,1151.0,838.0,1.3735
1976-01-01,1193.0,853.0,1.3986
1976-02-01,1219.0,851.0,1.4324
1976-03-01,1329.0,816.0,1.6287
1976-04-01,1510.0,820.0,1.8415
1976-05-01,1512.0,825.0,1.8327
1976-06-01,1550.0,805.0,1.9255
1976-07-01,1647.0,904.0,1.8219
1976-08-01,1539.0,939.0,1.639
1976-09-01,1459.0,996.0,1.4649
1976-10-01,1285.0,948.0,1.3555
1976-11-01,1279.0,948.0,1.3492
1976-12-01,1287.0,974.0,1.3214
1977-01-01,1396.0,1058.0,1.3195
1977-02-01,1426.0,1078.0,1.3228
1977-03-01,1515.0,1082.0,1.4002
1977-04-01,1429.0,1082.0,1.3207
1977-05-01,1371.0,1082.0,1.2671
1977-06-01,1312.0,1102.0,1.1906
1977-07-01,1248.0,1171.0,1.0658
1977-08-01,1160.0,1184.0,0.9797
1977-09-01,1195.0,1184.0,1.0093
1977-10-01,1210.0,1204.0,1.005
1977-11-01,1182.0,1237.0,0.9555
1977-12-01,1261.0,1261.0,1.0
1978-01-01,1261.0,1316.0,0.9582
1978-02-01,1217.0,1321.0,0.9213
1978-03-01,1254.0,1299.0,0.9654
1978-04-01,1285.0,1259.0,1.0207
1978-05-01,1303.0,1237.0,1.0534
1978-06-01,1333.0,1248.0,1.0681
1978-07-01,1337.0,1290.0,1.0364
1978-08-01,1426.0,1321.0,1.0795
1978-09-01,1442.0,1382.0,1.0434
1978-10-01,1506.0,1425.0,1.0568
1978-11-01,1481.0,1394.0,1.0624
1978-12-01,1533.0,1409.0,1.088
1979-01-01,1659.0,1265.0,1.3115
1979-02-01,1944.0,1442.0,1.3481
1979-03-01,2050.0,1542.0,1.3294
1979-04-01,2100.0,1569.0,1.3384
1979-05-01,1926.0,1576.0,1.2221
1979-06-01,1878.0,1597.0,1.176
1979-07-01,1814.0,1534.0,1.1825
1979-08-01,1976.0,1562.0,1.265
1979-09-01,2096.0,1616.0,1.297
1979-10-01,2076.0,1786.0,1.1624
1979-11-01,2090.0,1833.0,1.1402
1979-12-01,2214.0,1913.0,1.1573
1980-01-01,2601.0,2055.0,1.2657
1980-02-01,2918.0,2131.0,1.3693
1980-03-01,2306.0,1978.0,1.1658
1980-04-01,2070.0,1932.0,1.0714
1980-05-01,2037.0,1776.0,1.147
1980-06-01,2006.0,1669.0,1.2019
1980-07-01,2176.0,1758.0,1.2378
1980-08-01,2082.0,1784.0,1.167
1980-09-01,2060.0,1655.0,1.2447
1980-10-01,2040.0,1626.0,1.2546
1980-11-01,2010.0,1504.0,1.3364
1980-12-01,1879.0,1431.0,1.3131
1981-01-01,1869.0,1431.0,1.3061
1981-02-01,1801.0,1452.0,1.2404
1981-03-01,1818.0,1443.0,1.2599
1981-04-01,1821.0,1369.0,1.3302
1981-05-01,1742.0,1297.0,1.3431
1981-06-01,1700.0,1232.0,1.3799
1981-07-01,1682.0,1175.0,1.4315
1981-08-01,1787.0,1231.0,1.4517
1981-09-01,1710.0,1169.0,1.4628
1981-10-01,1666.0,1140.0,1.4614
1981-11-01,1651.0,1082.0,1.5259
1981-12-01,1655.0,1131.0,1.4633
1982-01-01,1611.0,1113.0,1.4474
1982-02-01,1598.0,1088.0,1.4688
1982-03-01,1510.0,1029.0,1.4674
1982-04-01,1522.0,996.0,1.5281
1982-05-01,1528.0,973.0,1.5704
1982-06-01,1300.0,919.0,1.4146
1982-07-01,1441.0,958.0,1.5042
1982-08-01,1452.0,959.0,1.5141
1982-09-01,1427.0,960.0,1.4865
1982-10-01,1461.0,952.0,1.5347
1982-11-01,1444.0,965.0,1.4964
1982-12-01,1473.0,987.0,1.4924
1983-01-01,1572.0,1077.0,1.4596
1983-02-01,1647.0,1230.0,1.339
1983-03-01,1598.0,1302.0,1.2273
1983-04-01,1675.0,1364.0,1.228
1983-05-01,1766.0,1453.0,1.2154
1983-06-01,1701.0,1466.0,1.1603
1983-07-01,1704.0,1520.0,1.1211
1983-08-01,1640.0,1604.0,1.0224
1983-09-01,1561.0,1614.0,0.9672
1983-10-01,1435.0,1566.0,0.9163
1983-11-01,1389.0,1517.0,0.9156
1983-12-01,1415.0,1549.0,0.9135
1984-01-01,1376.0,1549.0,0.8883
1984-02-01,1430.0,1491.0,0.9591
1984-03-01,1501.0,1456.0,1.0309
1984-04-01,1533.0,1370.0,1.119
1984-05-01,1421.0,1289.0,1.1024
1984-06-01,1367.0,1275.0,1.0722
1984-07-01,1331.0,1163.0,1.1445
1984-08-01,1338.0,1136.0,1.1778
1984-09-01,1294.0,1012.0,1.2787
1984-10-01,1273.0,1028.0,1.2383
1984-11-01,1345.0,1152.0,1.1675
1984-12-01,1321.0,1095.0,1.2064
1985-01-01,1359.0,1075.0,1.2642
1985-02-01,1389.0,1098.0,1.265
1985-03-01,1390.0,1095.0,1.2694
1985-04-01,1502.0,1106.0,1.358
1985-05-01,1531.0,1105.0,1.3855
1985-06-01,1432.0,1032.0,1.3876
1985-07-01,1475.0,1012.0,1.4575
1985-08-01,1420.0,1019.0,1.3935
1985-09-01,1366.0,985.0,1.3868
1985-10-01,1385.0,971.0,1.4264
1985-11-01,1370.0,950.0,1.4421
1985-12-01,1391.0,1039.0,1.3388
1986-01-01,1418.0,1119.0,1.2672
1986-02-01,1406.0,1115.0,1.261
1986-03-01,1445.0,1168.0,1.2372
1986-04-01,1435.0,1164.0,1.2328
1986-05-01,1419.0,1164.0,1.2191
1986-06-01,1413.0,1183.0,1.1944
1986-07-01,1344.0,1123.0,1.1968
1986-08-01,1303.0,1129.0,1.1541
1986-09-01,1347.0,1206.0,1.1169
1986-10-01,1317.0,1162.0,1.1334
1986-11-01,1303.0,1132.0,1.1511
1986-12-01,1336.0,1133.0,1.1792
1987-01-01,1346.0,1171.0,1.1494
1987-02-01,1380.0,1283.0,1.0756
1987-03-01,1466.0,1367.0,1.0724
1987-04-01,1484.0,1401.0,1.0592
1987-05-01,1520.0,1412.0,1.0765
1987-06-01,1572.0,1472.0,1.0679
1987-07-01,1695.0,1653.0,1.0254
1987-08-01,1756.0,1810.0,0.9702
1987-09-01,1811.0,1746.0,1.0372
1987-10-01,1967.0,1963.0,1.002
1987-11-01,2524.0,1681.0,1.5015
1987-12-01,2869.0,1824.0,1.5729
1988-01-01,2663.0,2002.0,1.3302
1988-02-01,2330.0,2138.0,1.0898
1988-03-01,2359.0,2526.0,0.9339
1988-04-01,2286.0,2508.0,0.9115
1988-05-01,2448.0,2988.0,0.8193
1988-06-01,2540.0,3578.0,0.7099
1988-07-01,2214.0,2582.0,0.8575
1988-08-01,2201.0,2701.0,0.8149
1988-09-01,2436.0,2387.0,1.0205
1988-10-01,2940.0,2309.0,1.2733
1988-11-01,3305.0,2382.0,1.3875
1988-12-01,3499.0,2503.0,1.3979
1989-01-01,3394.0,2398.0,1.4153
1989-02-01,3097.0,2183.0,1.4187
1989-03-01,3264.0,2074.0,1.5738
1989-04-01,3118.0,2126.0,1.4666
1989-05-01,2739.0,2259.0,1.2125
1989-06-01,2546.0,1914.0,1.3302
1989-07-01,2505.0,1756.0,1.4265
1989-08-01,2762.0,1798.0,1.5362
1989-09-01,2884.0,1718.0,1.6787
1989-10-01,2861.0,1820.0,1.572
1989-11-01,2591.0,1736.0,1.4925
1989-12-01,2419.0,1633.0,1.4813
1990-01-01,2367.0,1528.0,1.5491
1990-02-01,2360.0,1454.0,1.6231
1990-03-01,2626.0,1567.0,1.6758
1990-04-01,2686.0,1526.0,1.7602
1990-05-01,2742.0,1527.0,1.7957
1990-06-01,2585.0,1566.0,1.6507
1990-07-01,2769.0,1571.0,1.7626
1990-08-01,2957.0,1782.0,1.6594
1990-09-01,3031.0,2067.0,1.4664
1990-10-01,2744.0,1946.0,1.4101
1990-11-01,2586.0,1618.0,1.5983
1990-12-01,2485.0,1522.0,1.6327
1991-01-01,2449.0,1515.0,1.6165
1991-02-01,2449.0,1505.0,1.6272
1991-03-01,2410.0,1496.0,1.611
1991-04-01,2472.0,1392.0,1.7759
1991-05-01,2306.0,1296.0,1.7793
1991-06-01,2219.0,1275.0,1.7404
1991-07-01,2236.0,1297.0,1.724
1991-08-01,2233.0,1256.0,1.7779
1991-09-01,2325.0,1212.0,1.9183
1991-10-01,2364.0,1150.0,2.0557
1991-11-01,2380.0,1135.0,2.0969
1991-12-01,2223.0,1098.0,2.0246
1992-01-01,2139.0,1177.0,1.8173
1992-02-01,2206.0,1267.0,1.7411
1992-03-01,2227.0,1280.0,1.7398
1992-04-01,2215.0,1317.0,1.6819
1992-05-01,2217.0,1307.0,1.6963
1992-06-01,2299.0,1276.0,1.8017
1992-07-01,2520.0,1313.0,1.9193
1992-08-01,2522.0,1305.0,1.9326
1992-09-01,2414.0,1270.0,1.9008
1992-10-01,2249.0,1174.0,1.9157
1992-11-01,2158.0,1159.0,1.8619
1992-12-01,2207.0,1207.0,1.8285
1993-01-01,2257.0,1207.0,1.8699
1993-02-01,2213.0,1202.0,1.8411
1993-03-01,2153.0,1151.0,1.8705
1993-04-01,1950.0,1109.0,1.7583
1993-05-01,1795.0,1124.0,1.597
1993-06-01,1853.0,1165.0,1.5906
1993-07-01,1927.0,1202.0,1.6032
1993-08-01,1947.0,1172.0,1.6613
1993-09-01,1862.0,1115.0,1.67
1993-10-01,1646.0,1087.0,1.5143
1993-11-01,1630.0,1040.0,1.5673
1993-12-01,1724.0,1094.0,1.5759
1994-01-01,1805.0,1175.0,1.5362
1994-02-01,1866.0,1270.0,1.4693
1994-03-01,1915.0,1289.0,1.4856
1994-04-01,1882.0,1279.0,1.4715
1994-05-01,2151.0,1323.0,1.6259
1994-06-01,2364.0,1401.0,1.6874
1994-07-01,2458.0,1492.0,1.6475
1994-08-01,2406.0,1455.0,1.6536
1994-09-01,2506.0,1569.0,1.5972
1994-10-01,2548.0,1698.0,1.5006
1994-11-01,2802.0,1893.0,1.4802
1994-12-01,2985.0,1878.0,1.5895
1995-01-01,3009.0,2061.0,1.46
1995-02-01,2878.0,1916.0,1.5021
1995-03-01,2924.0,1805.0,1.6199
1995-04-01,2904.0,1849.0,1.5706
1995-05-01,2773.0,1763.0,1.5729
1995-06-01,2995.0,1780.0,1.6826
1995-07-01,3076.0,1860.0,1.6538
1995-08-01,3037.0,1888.0,1.6086
1995-09-01,2916.0,1761.0,1.6559
1995-10-01,2814.0,1674.0,1.681
1995-11-01,2977.0,1654.0,1.7999
1995-12-01,2926.0,1657.0,1.7658
1996-01-01,2616.0,1589.0,1.6463
1996-02-01,2538.0,1592.0,1.5942
1996-03-01,2561.0,1612.0,1.5887
1996-04-01,2596.0,1587.0,1.6358
1996-05-01,2658.0,1589.0,1.6728
1996-06-01,2173.0,1482.0,1.4663
1996-07-01,1986.0,1459.0,1.3612
1996-08-01,2009.0,1463.0,1.3732
1996-09-01,1941.0,1407.0,1.3795
1996-10-01,1961.0,1336.0,1.4678
1996-11-01,2231.0,1450.0,1.5386
1996-12-01,2268.0,1500.0,1.512
1997-01-01,2435.0,1576.0,1.5451
1997-02-01,2406.0,1580.0,1.5228
1997-03-01,2421.0,1632.0,1.4835
1997-04-01,2391.0,1561.0,1.5317
1997-05-01,2514.0,1625.0,1.5471
1997-06-01,2613.0,1568.0,1.6665
1997-07-01,2450.0,1592.0,1.5389
1997-08-01,2251.0,1711.0,1.3156
1997-09-01,2107.0,1611.0,1.3079
1997-10-01,2052.0,1608.0,1.2761
1997-11-01,1917.0,1599.0,1.1989
1997-12-01,1762.0,1531.0,1.1509
1998-01-01,1688.0,1486.0,1.1359
1998-02-01,1665.0,1466.0,1.1357
1998-03-01,1748.0,1438.0,1.2156
1998-04-01,1801.0,1418.0,1.2701
1998-05-01,1733.0,1365.0,1.2696
1998-06-01,1661.0,1307.0,1.2708
1998-07-01,1651.0,1309.0,1.2613
1998-08-01,1621.0,1311.0,1.2365
1998-09-01,1648.0,1342.0,1.228
1998-10-01,1586.0,1304.0,1.2163
1998-11-01,1574.0,1295.0,1.2154
1998-12-01,1474.0,1249.0,1.1801
1999-01-01,1431.0,1218.0,1.1749
1999-02-01,1411.0,1187.0,1.1887
1999-03-01,1378.0,1182.0,1.1658
1999-04-01,1466.0,1278.0,1.1471
1999-05-01,1511.0,1323.0,1.1421
1999-06-01,1422.0,1315.0,1.0814
1999-07-01,1640.0,1404.0,1.1681
1999-08-01,1648.0,1431.0,1.1516
1999-09-01,1750.0,1492.0,1.1729
1999-10-01,1724.0,1474.0,1.1696
1999-11-01,1728.0,1473.0,1.1731
1999-12-01,1765.0,1554.0,1.1358
2000-01-01,1844.0,1680.0,1.0976
2000-02-01,1801.0,1670.0,1.0784
2000-03-01,1739.0,1577.0,1.1027
2000-04-01,1679.0,1457.0,1.1524
2000-05-01,1786.0,1467.0,1.2175
2000-06-01,1753.0,1506.0,1.164
2000-07-01,1799.0,1564.0,1.1503
2000-08-01,1856.0,1528.0,1.2147
2000-09-01,1960.0,1601.0,1.2242
2000-10-01,1899.0,1500.0,1.266
2000-11-01,1795.0,1474.0,1.2178
2000-12-01,1851.0,1565.0,1.1827
2001-01-01,1788.0,1616.0,1.1064
2001-02-01,1766.0,1604.0,1.101
2001-03-01,1739.0,1509.0,1.1524
2001-04-01,1664.0,1497.0,1.1116
2001-05-01,1682.0,1539.0,1.0929
2001-06-01,1608.0,1466.0,1.0969
2001-07-01,1525.0,1416.0,1.077
2001-08-01,1464.0,1377.0,1.0632
2001-09-01,1426.0,1345.0,1.0602
2001-10-01,1377.0,1283.0,1.0733
2001-11-01,1428.0,1327.0,1.0761
2001-12-01,1472.0,1345.0,1.0944
2002-01-01,1504.0,1369.0,1.0986
2002-02-01,1562.0,1369.0,1.141
2002-03-01,1605.0,1405.0,1.1423
2002-04-01,1590.0,1370.0,1.1606
2002-05-01,1596.0,1343.0,1.1884
2002-06-01,1648.0,1354.0,1.2171
2002-07-01,1589.0,1338.0,1.1876
2002-08-01,1480.0,1292.0,1.1455
2002-09-01,1479.0,1301.0,1.1368
2002-10-01,1484.0,1311.0,1.132
2002-11-01,1582.0,1372.0,1.1531
2002-12-01,1596.0,1375.0,1.1607
2003-01-01,1648.0,1378.0,1.1959
2003-02-01,1684.0,1422.0,1.1842
2003-03-01,1659.0,1389.0,1.1944
2003-04-01,1587.0,1332.0,1.1914
2003-05-01,1648.0,1398.0,1.1788
2003-06-01,1687.0,1410.0,1.1965
2003-07-01,1710.0,1436.0,1.1908
2003-08-01,1760.0,1456.0,1.2088
2003-09-01,1790.0,1416.0,1.2641
2003-10-01,1921.0,1474.0,1.3033
2003-11-01,2055.0,1508.0,1.3627
2003-12-01,2201.0,1555.0,1.4154
2004-01-01,2424.0,1606.0,1.5093
2004-02-01,2760.0,1686.0,1.637
2004-03-01,3009.0,1656.0,1.817
2004-04-01,2949.0,1730.0,1.7046
2004-05-01,2734.0,1623.0,1.6845
2004-06-01,2687.0,1678.0,1.6013
2004-07-01,2808.0,1709.0,1.6431
2004-08-01,2846.0,1692.0,1.682
2004-09-01,2895.0,1724.0,1.6792
2004-10-01,3012.0,1820.0,1.6549
2004-11-01,3123.0,1814.0,1.7216
2004-12-01,3145.0,1849.0,1.7009
2005-01-01,3170.0,1834.0,1.7285
2005-02-01,3254.0,1883.0,1.7281
2005-03-01,3379.0,1980.0,1.7066
2005-04-01,3394.0,1894.0,1.792
2005-05-01,3249.0,1744.0,1.863
2005-06-01,3524.0,1731.0,2.0358
2005-07-01,3614.0,1779.0,2.0315
2005-08-01,3798.0,1868.0,2.0332
2005-09-01,3858.0,1840.0,2.0967
2005-10-01,4060.0,1929.0,2.1047
2005-11-01,4269.0,2051.0,2.0814
2005-12-01,4577.0,2247.0,2.0369
2006-01-01,4734.0,2378.0,1.9907
2006-02-01,4982.0,2455.0,2.0293
2006-03-01,5103.0,2429.0,2.1009
2006-04-01,6388.0,2621.0,2.4372
2006-05-01,8046.0,2861.0,2.8123
2006-06-01,7198.0,2477.0,2.9059
2006-07-01,7712.0,2513.0,3.0688
2006-08-01,7696.0,2460.0,3.1285
2006-09-01,7602.0,2473.0,3.074
2006-10-01,7500.0,2655.0,2.8249
2006-11-01,7029.0,2703.0,2.6004
2006-12-01,6675.0,2814.0,2.3721
2007-01-01,5670.0,2809.0,2.0185
2007-02-01,5676.0,2832.0,2.0042
2007-03-01,6452.0,2762.0,2.336
2007-04-01,7766.0,2815.0,2.7588
2007-05-01,7681.0,2793.0,2.7501
2007-06-01,7474.0,2677.0,2.7919
2007-07-01,7973.0,2732.0,2.9184
2007-08-01,7514.0,2516.0,2.9865
2007-09-01,7649.0,2391.0,3.1991
2007-10-01,8008.0,2442.0,3.2793
2007-11-01,6967.0,2507.0,2.779
2007-12-01,6588.0,2382.0,2.7657
2008-01-01,7061.0,2446.0,2.8868
2008-02-01,7888.0,2777.0,2.8405
2008-03-01,8439.0,3005.0,2.8083
2008-04-01,8685.0,2959.0,2.9351
2008-05-01,8383.0,2903.0,2.8877
2008-06-01,8261.0,2958.0,2.7928
2008-07-01,8414.0,3071.0,2.7398
2008-08-01,7635.0,2764.0,2.7623
2008-09-01,6991.0,2526.0,2.7676
2008-10-01,4926.0,2121.0,2.3225
2008-11-01,3717.0,1852.0,2.007
2008-12-01,3072.0,1490.0,2.0617
2009-01-01,3221.0,1413.0,2.2795
2009-02-01,3315.0,1330.0,2.4925
2009-03-01,3750.0,1336.0,2.8069
2009-04-01,4407.0,1421.0,3.1013
2009-05-01,4569.0,1460.0,3.1295
2009-06-01,5014.0,1574.0,3.1855
2009-07-01,5216.0,1668.0,3.1271
2009-08-01,6165.0,1934.0,3.1877
2009-09-01,6196.0,1834.0,3.3784
2009-10-01,6288.0,1879.0,3.3465
2009-11-01,6676.0,1949.0,3.4253
2009-12-01,6982.0,2180.0,3.2028
2010-01-01,7386.0,2235.0,3.3047
2010-02-01,6848.0,2049.0,3.3421
2010-03-01,7463.0,2206.0,3.383
2010-04-01,7745.0,2317.0,3.3427
2010-05-01,6838.0,2041.0,3.3503
2010-06-01,6499.0,1931.0,3.3656
2010-07-01,6735.0,1988.0,3.3878
2010-08-01,7284.0,2118.0,3.4391
2010-09-01,7709.0,2162.0,3.5657
2010-10-01,8292.0,2347.0,3.533
2010-11-01,8470.0,2333.0,3.6305
2010-12-01,9147.0,2351.0,3.8907
2011-01-01,9556.0,2440.0,3.9164
2011-02-01,9868.0,2508.0,3.9346
2011-03-01,9503.0,2556.0,3.7179
2011-04-01,9493.0,2678.0,3.5448
2011-05-01,8960.0,2596.0,3.4515
2011-06-01,9067.0,2558.0,3.5446
2011-07-01,9650.0,2525.0,3.8218
2011-08-01,9001.0,2379.0,3.7835
2011-09-01,8300.0,2293.0,3.6197
2011-10-01,7394.0,2181.0,3.3902
2011-11-01,7581.0,2080.0,3.6447
2011-12-01,7565.0,2022.0,3.7413
2012-01-01,8040.0,2144.0,3.75
2012-02-01,8441.0,2208.0,3.8229
2012-03-01,8471.0,2184.0,3.8787
2012-04-01,8289.0,2050.0,4.0434
2012-05-01,7956.0,2008.0,3.9622
2012-06-01,7423.0,1890.0,3.9275
2012-07-01,7584.0,1876.0,4.0426
2012-08-01,7516.0,1845.0,4.0737
2012-09-01,8088.0,2064.0,3.9186
2012-10-01,8062.0,1974.0,4.0841
2012-11-01,7711.0,1949.0,3.9564
2012-12-01,7966.0,2087.0,3.817
2013-01-01,8047.0,2038.0,3.9485
2013-02-01,8061.0,2054.0,3.9245
2013-03-01,7646.0,1910.0,4.0031
2013-04-01,7234.0,1862.0,3.8851
2013-05-01,7249.0,1832.0,3.9569
2013-06-01,7000.0,1815.0,3.8567
2013-07-01,6907.0,1770.0,3.9023
2013-08-01,7193.0,1818.0,3.9565
2013-09-01,7159.0,1761.0,4.0653
2013-10-01,7203.0,1815.0,3.9686
2013-11-01,7071.0,1748.0,4.0452
2013-12-01,7215.0,1740.0,4.1466
2014-01-01,7291.0,1727.0,4.2218
2014-02-01,7149.0,1695.0,4.2177
2014-03-01,6650.0,1705.0,3.9003
2014-04-01,6674.0,1811.0,3.6853
2014-05-01,6891.0,1751.0,3.9355
2014-06-01,6821.0,1839.0,3.7091
2014-07-01,7113.0,1948.0,3.6514
2014-08-01,7002.0,2030.0,3.4493
2014-09-01,6872.0,1990.0,3.4533
2014-10-01,6737.0,1946.0,3.462
2014-11-01,6713.0,2056.0,3.2651
2014-12-01,6446.0,1909.0,3.3766
2015-01-01,5831.0,1815.0,3.2127
2015-02-01,5729.0,1818.0,3.1513
2015-03-01,5940.0,1774.0,3.3484
2015-04-01,6042.0,1819.0,3.3216
2015-05-01,6295.0,1804.0,3.4895
2015-06-01,5833.0,1688.0,3.4556
2015-07-01,5457.0,1640.0,3.3274
2015-08-01,5127.0,1548.0,3.312
2015-09-01,5217.0,1590.0,3.2811
2015-10-01,5216.0,1516.0,3.4406
2015-11-01,4800.0,1468.0,3.2698
2015-12-01,4639.0,1497.0,3.0989
2016-01-01,4472.0,1481.0,3.0196
2016-02-01,4599.0,1531.0,3.0039
2016-03-01,4954.0,1531.0,3.2358
2016-04-01,4873.0,1571.0,3.1018
2016-05-01,4695.0,1551.0,3.0271
2016-06-01,4642.0,1594.0,2.9122
2016-07-01,4865.0,1629.0,2.9865
2016-08-01,4752.0,1639.0,2.8993
2016-09-01,4722.0,1592.0,2.9661
2016-10-01,4731.0,1666.0,2.8397
2016-11-01,5451.0,1737.0,3.1382
2016-12-01,5660.0,1728.0,3.2755
2017-01-01,5755.0,1791.0,3.2133
2017-02-01,5941.0,1861.0,3.1924
2017-03-01,5825.0,1901.0,3.0642
2017-04-01,5684.0,1921.0,2.9589
2017-05-01,5600.0,1913.0,2.9273
2017-06-01,5720.0,1885.0,3.0345
2017-07-01,5985.0,1903.0,3.145
2017-08-01,6486.0,2030.0,3.1951
2017-09-01,6577.0,2096.0,3.1379
2017-10-01,6808.0,2131.0,3.1947
2017-11-01,6827.0,2097.0,3.2556
2017-12-01,6834.0,2080.0,3.2856
2018-01-01,7066.0,2210.0,3.1973
2018-02-01,7007.0,2182.0,3.2113
2018-03-01,6799.0,2069.0,3.2861
2018-04-01,6852.0,2255.0,3.0386
2018-05-01,6825.0,2300.0,2.9674
2018-06-01,6966.0,2238.0,3.1126
2018-07-01,6251.0,2082.0,3.0024
2018-08-01,6051.0,2052.0,2.9488
2018-09-01,6051.0,2026.0,2.9867
2018-10-01,6220.0,2030.0,3.064
2018-11-01,6196.0,1939.0,3.1955
2018-12-01,6075.0,1920.0,3.1641
2019-01-01,5939.0,1854.0,3.2033
2019-02-01,6300.0,1863.0,3.3816
2019-03-01,6439.0,1871.0,3.4415
2019-04-01,6438.0,1845.0,3.4894
2019-05-01,6018.0,1781.0,3.379
2019-06-01,5882.0,1756.0,3.3497
2019-07-01,5941.0,1797.0,3.3061
2019-08-01,5709.0,1741.0,3.2791
2019-09-01,5759.0,1754.0,3.2834
2019-10-01,5757.0,1726.0,3.3355
2019-11-01,5860.0,1775.0,3.3014
2019-12-01,6077.0,1771.0,3.4314
2020-01-01,6031.0,1773.0,3.4016
2020-02-01,5688.0,1688.0,3.3697
2020-03-01,5183.0,1611.0,3.2173
2020-04-01,5058.0,1460.0,3.4644
2020-05-01,5240.0,1466.0,3.5744
2020-06-01,5755.0,1569.0,3.6679
2020-07-01,6372.0,1644.0,3.8759
2020-08-01,6499.0,1737.0,3.7415
2020-09-01,6705.0,1744.0,3.8446
2020-10-01,6714.0,1806.0,3.7176
2020-11-01,7069.0,1935.0,3.6532
2020-12-01,7772.0,2015.0,3.8571
2021-01-01,7972.0,2004.0,3.978
2021-02-01,8471.0,2079.0,4.0746
2021-03-01,8988.0,2190.0,4.1041
2021-04-01,9325.0,2319.0,4.0211
2021-05-01,10162.0,2434.0,4.175
2021-06-01,9632.0,2447.0,3.9362
2021-07-01,9451.0,2498.0,3.7834
2021-08-01,9370.0,2603.0,3.5997
2021-09-01,9325.0,2835.0,3.2892
2021-10-01,9829.0,2934.0,3.35
2021-11-01,9729.0,2636.0,3.6908
2021-12-01,9551.0,2696.0,3.5427
2022-01-01,9782.0,3006.0,3.2542
2022-02-01,9943.0,3246.0,3.0632
2022-03-01,10231.0,3498.0,2.9248
2022-04-01,10161.0,3244.0,3.1322
2022-05-01,9377.0,2830.0,3.3134
2022-06-01,9024.0,2563.0,3.5209
2022-07-01,7545.0,2408.0,3.1333
2022-08-01,7982.0,2431.0,3.2834
2022-09-01,7746.0,2225.0,3.4813
2022-10-01,7651.0,2256.0,3.3914
2022-11-01,8050.0,2351.0,3.4241
2022-12-01,8375.0,2402.0,3.4867
2023-01-01,9038.0,2502.0,3.6123
2023-02-01,8937.0,2416.0,3.6991
2023-03-01,8856.0,2296.0,3.8571
2023-04-01,8809.0,2343.0,3.7597
2023-05-01,8217.0,2269.0,3.6214
2023-06-01,8397.0,2185.0,3.843
2023-07-01,8477.0,2160.0,3.9245
2023-08-01,8349.0,2137.0,3.9069
2023-09-01,8277.0,2185.0,3.7881
2023-10-01,7937.0,2192.0,3.6209
2023-11-01,8190.0,2202.0,3.7193
2023-12-01,8400.0,2182.0,3.8497
2024-01-01,8339.0,2193.0,3.8026
2024-02-01,8305.0,2179.0,3.8114
2024-03-01,8689.0,2226.0,3.9034
2024-04-01,9464.0,2506.0,3.7765
2024-05-01,10139.0,2565.0,3.9528
2024-06-01,9648.0,2498.0,3.8623
2024-07-01,9385.0,2349.0,3.9953
2024-08-01,8972.0,2344.0,3.8276
2024-09-01,9237.0,2450.0,3.7702
2024-10-01,9534.0,2596.0,3.6726
2024-11-01,9076.0,2582.0,3.5151
2024-12-01,8916.0,2541.0,3.5089
2025-01-01,8991.0,2573.0,3.4944
2025-02-01,9331.0,2658.0,3.5105
2025-03-01,9740.0,2658.0,3.6644
2025-04-01,9177.0,2372.0,3.8689
2025-05-01,9533.0,2449.0,3.8926
2025-06-01,9835.0,2526.0,3.8935
2025-07-01,9771.0,2606.0,3.7494
2025-08-01,9670.0,2597.0,3.7235
2025-09-01,9984.0,2653.0,3.7633
2025-10-01,10740.0,2793.0,3.8453
2025-11-01,10812.0,2819.0,3.8354
2025-12-01,11785.0,2876.0,4.0977
2026-01-01,13012.0,3142.0,4.1413
2026-02-01,12951.0,3065.0,4.2254
2026-03-01,12529.0,3373.0,3.7145
2026-04-01,12951.0,3600.0,3.5975
2026-05-01,13543.0,3666.0,3.6942
2026-06-01,13552.0,3439.0,3.9407
2026-07-01,13543.0,3161.0,4.2844
2026-08-01,14326.0,3251.0,4.4066
