rule_id,horizon_m,episode_id,first_month,last_month_on,months_on,ratio_change_pct,copper_change_pct,aluminium_change_pct,rule_type,threshold,label
1,6,1,1970-01,1970-09,9,-17.427500044854582,-15.928659286592861,1.8151815181518094,fixed_ratio,2.0,ratio at or above 2.0
1,6,2,1971-04,1971-04,1,-19.715684951026713,-16.85303514376997,3.565640194489461,fixed_ratio,2.0,ratio at or above 2.0
1,6,3,1973-01,1974-08,20,54.15648111010252,80.60768543342269,17.15867158671587,fixed_ratio,2.0,ratio at or above 2.0
1,6,4,1991-10,1991-12,3,-18.183984777997473,-6.302876480541453,14.521739130434774,fixed_ratio,2.0,ratio at or above 2.0
1,6,5,2005-06,2026-02,248,0.05504880514164423,29.88081725312146,29.80935875216637,fixed_ratio,2.0,ratio at or above 2.0
1,12,1,1970-01,1971-04,10,-38.99178862128978,-37.88437884378843,1.8151815181518094,fixed_ratio,2.0,ratio at or above 2.0
1,12,2,1973-01,1974-08,20,62.95060040599161,81.59070598748883,11.439114391143912,fixed_ratio,2.0,ratio at or above 2.0
1,12,3,1991-10,1991-12,3,-6.8094818068875185,-4.864636209813877,2.086956521739136,fixed_ratio,2.0,ratio at or above 2.0
1,12,4,2005-06,2025-08,242,42.74043103475931,104.25652667423381,43.09647602541884,fixed_ratio,2.0,ratio at or above 2.0
2,6,1,1970-01,1970-05,5,-17.427500044854582,-15.928659286592861,1.8151815181518094,fixed_ratio,2.5,ratio at or above 2.5
2,6,2,1973-03,1974-07,17,21.206964606815504,28.211920529801326,5.779334500875666,fixed_ratio,2.5,ratio at or above 2.5
2,6,3,2006-05,2026-02,229,-7.533306683021024,-12.639821029082777,-5.522544564837473,fixed_ratio,2.5,ratio at or above 2.5
2,12,1,1970-01,1970-05,5,-38.99178862128978,-37.88437884378843,1.8151815181518094,fixed_ratio,2.5,ratio at or above 2.5
2,12,2,1973-03,1974-07,17,50.76361081164331,81.65562913907284,20.490367775831864,fixed_ratio,2.5,ratio at or above 2.5
2,12,3,2006-05,2025-08,223,-2.212203745399155,-4.536415610241118,-2.3767913317021994,fixed_ratio,2.5,ratio at or above 2.5
3,6,1,1973-07,1974-06,12,5.704670496213593,0.544285007422074,-4.881889763779523,fixed_ratio,3.0,ratio at or above 3.0
3,6,2,2006-07,2006-09,3,-34.225616313302375,-26.47821576763485,11.778750497413458,fixed_ratio,3.0,ratio at or above 3.0
3,6,3,2007-09,2007-10,2,-12.214775174247661,10.328147470257543,25.679631953157678,fixed_ratio,3.0,ratio at or above 3.0
3,6,4,2009-04,2026-02,192,7.903810196971217,42.68209666439755,32.2308233638283,fixed_ratio,3.0,ratio at or above 3.0
3,12,1,1973-07,1974-06,12,-20.76852704942389,-5.0470064324591775,19.842519685039363,fixed_ratio,3.0,ratio at or above 3.0
3,12,2,2006-07,2007-10,5,-4.903061267109344,3.3843360995850613,8.714683645045751,fixed_ratio,3.0,ratio at or above 3.0
3,12,3,2009-04,2025-08,186,7.782044083944983,75.74313592012707,63.05418719211821,fixed_ratio,3.0,ratio at or above 3.0
4,6,1,1973-12,1974-05,5,-8.95651189768838,8.734402852049916,19.43127962085307,fixed_ratio,3.5,ratio at or above 3.5
4,6,2,2010-09,2014-07,45,4.269555877517317,23.271500843170312,18.223866790009247,fixed_ratio,3.5,ratio at or above 3.5
4,6,3,2020-05,2022-06,19,2.2067775213523433,34.90458015267175,31.991814461118693,fixed_ratio,3.5,ratio at or above 3.5
4,6,4,2023-01,2026-02,37,8.64341299697573,-6.2071254702367735,-13.669064748201443,fixed_ratio,3.5,ratio at or above 3.5
4,12,1,1973-12,1974-05,5,-57.71996642208681,-42.557932263814614,35.860979462875186,fixed_ratio,3.5,ratio at or above 3.5
4,12,2,2010-09,2014-07,45,1.5153418869104707,7.6663639901414005,6.0592044403330325,fixed_ratio,3.5,ratio at or above 3.5
4,12,3,2020-05,2025-08,50,16.804964027423196,93.93129770992365,66.0300136425648,fixed_ratio,3.5,ratio at or above 3.5
5,6,1,1974-04,1974-04,1,-58.88844427215547,-53.85883905013193,12.234042553191493,fixed_ratio,4.0,ratio at or above 4.0
5,6,2,2012-04,2014-02,10,1.0060451694198669,-2.7385691880805862,-3.707317073170735,fixed_ratio,4.0,ratio at or above 4.0
5,6,3,2021-02,2021-05,4,-11.654337800163649,10.612678550348242,25.204425204425206,fixed_ratio,4.0,ratio at or above 4.0
5,6,4,2025-12,2026-02,3,-3.832015971925029,14.993635977938059,19.575799721835875,fixed_ratio,4.0,ratio at or above 4.0
5,12,1,1974-04,1974-04,1,-63.25305989181176,-56.16754617414248,19.281914893617014,fixed_ratio,4.0,ratio at or above 4.0
5,12,2,2012-04,2014-02,10,-3.9161162302892683,-12.72771142477983,-9.17073170731707,fixed_ratio,4.0,ratio at or above 4.0
5,12,3,2021-02,2021-05,4,-24.822352481915576,17.37693306575374,56.13275613275612,fixed_ratio,4.0,ratio at or above 4.0
6,6,1,1970-01,1970-09,9,-17.427500044854582,-15.928659286592861,1.8151815181518094,pctile_all_past,50.0,ratio at or above its 50th percentile of all earlier months
6,6,2,1971-04,1971-04,1,-19.715684951026713,-16.85303514376997,3.565640194489461,pctile_all_past,50.0,ratio at or above its 50th percentile of all earlier months
6,6,3,1972-06,1974-08,26,1.1476952022577702,-3.6688617121354627,-4.761904761904767,pctile_all_past,50.0,ratio at or above its 50th percentile of all earlier months
6,6,4,1976-06,1976-06,1,-31.374776445651452,-16.967741935483872,20.993788819875768,pctile_all_past,50.0,ratio at or above its 50th percentile of all earlier months
6,6,5,1982-04,1982-10,3,0.42872602391812453,-4.007884362680681,-4.417670682730924,pctile_all_past,50.0,ratio at or above its 50th percentile of all earlier months
6,6,6,1987-11,1987-12,2,-45.43562522673896,-3.0110935023771823,77.75133848899465,pctile_all_past,50.0,ratio at or above its 50th percentile of all earlier months
6,6,7,1989-01,1997-07,93,0.7907227413243234,-26.19328226281673,-26.772310258548792,pctile_all_past,50.0,ratio at or above its 50th percentile of all earlier months
6,6,8,2004-01,2026-02,266,8.859908811243923,15.841584158415834,6.413449564134499,pctile_all_past,50.0,ratio at or above its 50th percentile of all earlier months
6,12,1,1970-01,1971-04,10,-38.99178862128978,-37.88437884378843,1.8151815181518094,pctile_all_past,50.0,ratio at or above its 50th percentile of all earlier months
6,12,2,1972-06,1974-08,26,54.9683869697434,64.53433678269049,6.172839506172845,pctile_all_past,50.0,ratio at or above its 50th percentile of all earlier months
6,12,3,1976-06,1976-06,1,-38.16755459282244,-15.35483870967742,36.8944099378882,pctile_all_past,50.0,ratio at or above its 50th percentile of all earlier months
6,12,4,1982-04,1982-10,3,-19.63903799985356,10.052562417871226,36.947791164658625,pctile_all_past,50.0,ratio at or above its 50th percentile of all earlier months
6,12,5,1987-11,1987-12,2,-7.592319442836592,30.94294770206023,41.70136823319452,pctile_all_past,50.0,ratio at or above its 50th percentile of all earlier months
6,12,6,1989-01,1997-07,93,9.449112539220739,-30.259281084266355,-36.280233527939956,pctile_all_past,50.0,ratio at or above its 50th percentile of all earlier months
6,12,7,2004-01,2025-08,260,14.51776311764219,30.775577557755774,14.19676214196761,pctile_all_past,50.0,ratio at or above its 50th percentile of all earlier months
7,6,1,1970-01,1970-07,7,-17.427500044854582,-15.928659286592861,1.8151815181518094,pctile_all_past,60.0,ratio at or above its 60th percentile of all earlier months
7,6,2,1973-01,1974-08,20,54.15648111010252,80.60768543342269,17.15867158671587,pctile_all_past,60.0,ratio at or above its 60th percentile of all earlier months
7,6,3,1987-12,1987-12,1,-54.86767923180289,-11.467410247472987,96.16228070175438,pctile_all_past,60.0,ratio at or above its 60th percentile of all earlier months
7,6,4,1989-03,1993-09,44,6.667151726814136,-11.6421568627451,-17.164898746383795,pctile_all_past,60.0,ratio at or above its 60th percentile of all earlier months
7,6,5,1994-05,1994-08,4,-8.959014382430762,30.264993026499297,43.083900226757365,pctile_all_past,60.0,ratio at or above its 60th percentile of all earlier months
7,6,6,1995-06,1996-05,9,4.948198717838914,-2.3038397328881466,-6.910112359550558,pctile_all_past,60.0,ratio at or above its 60th percentile of all earlier months
7,6,7,1997-06,1997-06,1,-30.93828451072278,-32.56792958285496,-2.359693877551017,pctile_all_past,60.0,ratio at or above its 60th percentile of all earlier months
7,6,8,2004-02,2026-02,265,2.750282660088388,3.1159420289855078,0.3558718861210064,pctile_all_past,60.0,ratio at or above its 60th percentile of all earlier months
7,12,1,1970-01,1970-07,7,-38.99178862128978,-37.88437884378843,1.8151815181518094,pctile_all_past,60.0,ratio at or above its 60th percentile of all earlier months
7,12,2,1973-01,1974-08,20,62.95060040599161,81.59070598748883,11.439114391143912,pctile_all_past,60.0,ratio at or above its 60th percentile of all earlier months
7,12,3,1987-12,1987-12,1,-11.125457398142103,21.95887068665041,37.22587719298245,pctile_all_past,60.0,ratio at or above its 60th percentile of all earlier months
7,12,4,1989-03,1996-05,57,6.483992767496272,-19.546568627450977,-24.445515911282545,pctile_all_past,60.0,ratio at or above its 60th percentile of all earlier months
7,12,5,1997-06,1997-06,1,-23.739316483324057,-36.43321852277076,-16.64540816326531,pctile_all_past,60.0,ratio at or above its 60th percentile of all earlier months
7,12,6,2004-02,2025-08,259,5.56397053730171,17.898550724637687,11.684460260972717,pctile_all_past,60.0,ratio at or above its 60th percentile of all earlier months
8,6,1,1970-01,1970-06,6,-17.427500044854582,-15.928659286592861,1.8151815181518094,pctile_all_past,70.0,ratio at or above its 70th percentile of all earlier months
8,6,2,1973-02,1974-07,18,53.84137884462545,70.65916398713827,10.931899641577058,pctile_all_past,70.0,ratio at or above its 70th percentile of all earlier months
8,6,3,1991-04,1993-03,18,15.755170958210197,-4.3689320388349495,-17.385057471264364,pctile_all_past,70.0,ratio at or above its 70th percentile of all earlier months
8,6,4,1995-11,1995-11,1,-7.06319246803635,-10.715485387974466,-3.929866989117292,pctile_all_past,70.0,ratio at or above its 70th percentile of all earlier months
8,6,5,2004-03,2026-02,261,-7.583513959282239,-3.7886340977068778,4.106280193236711,pctile_all_past,70.0,ratio at or above its 70th percentile of all earlier months
8,12,1,1970-01,1970-06,6,-38.99178862128978,-37.88437884378843,1.8151815181518094,pctile_all_past,70.0,ratio at or above its 70th percentile of all earlier months
8,12,2,1973-02,1974-07,18,66.08781927078734,84.2443729903537,10.931899641577058,pctile_all_past,70.0,ratio at or above its 70th percentile of all earlier months
8,12,3,1991-04,1993-03,18,-5.293731708575688,-10.396440129449836,-5.3879310344827624,pctile_all_past,70.0,ratio at or above its 70th percentile of all earlier months
8,12,4,1995-11,1995-11,1,-14.51533017501998,-25.05878401074908,-12.33373639661427,pctile_all_past,70.0,ratio at or above its 70th percentile of all earlier months
8,12,5,2004-03,2025-08,255,-6.079337744342728,12.296444001329343,19.565217391304344,pctile_all_past,70.0,ratio at or above its 70th percentile of all earlier months
9,6,1,1970-01,1970-05,5,-17.427500044854582,-15.928659286592861,1.8151815181518094,pctile_all_past,80.0,ratio at or above its 80th percentile of all earlier months
9,6,2,1973-03,1974-06,16,21.206964606815504,28.211920529801326,5.779334500875666,pctile_all_past,80.0,ratio at or above its 80th percentile of all earlier months
9,6,3,1991-10,1991-11,2,-18.183984777997473,-6.302876480541453,14.521739130434774,pctile_all_past,80.0,ratio at or above its 80th percentile of all earlier months
9,6,4,2005-06,2026-02,244,0.05504880514164423,29.88081725312146,29.80935875216637,pctile_all_past,80.0,ratio at or above its 80th percentile of all earlier months
9,12,1,1970-01,1970-05,5,-38.99178862128978,-37.88437884378843,1.8151815181518094,pctile_all_past,80.0,ratio at or above its 80th percentile of all earlier months
9,12,2,1973-03,1974-06,16,50.76361081164331,81.65562913907284,20.490367775831864,pctile_all_past,80.0,ratio at or above its 80th percentile of all earlier months
9,12,3,1991-10,1991-11,2,-6.8094818068875185,-4.864636209813877,2.086956521739136,pctile_all_past,80.0,ratio at or above its 80th percentile of all earlier months
9,12,4,2005-06,2025-08,238,42.74043103475931,104.25652667423381,43.09647602541884,pctile_all_past,80.0,ratio at or above its 80th percentile of all earlier months
10,6,1,1970-02,1970-04,3,-24.899718203505785,-23.536511768255885,1.8151815181518094,pctile_all_past,90.0,ratio at or above its 90th percentile of all earlier months
10,6,2,1973-04,1974-06,14,19.3755213943807,30.037783375314863,8.931698774080555,pctile_all_past,90.0,ratio at or above its 90th percentile of all earlier months
10,6,3,2006-04,2015-10,98,15.904113999058978,17.407639323731992,1.297214803510105,pctile_all_past,90.0,ratio at or above its 90th percentile of all earlier months
10,6,4,2019-02,2019-05,4,-3.030852547796825,-9.38095238095238,-6.548577563070312,pctile_all_past,90.0,ratio at or above its 90th percentile of all earlier months
10,6,5,2019-12,2026-02,58,6.893601374248237,-5.298667105479682,-11.4059853190288,pctile_all_past,90.0,ratio at or above its 90th percentile of all earlier months
10,12,1,1970-02,1970-04,3,-39.540420337471105,-38.44296922148461,1.8151815181518094,pctile_all_past,90.0,ratio at or above its 90th percentile of all earlier months
10,12,2,1973-04,1974-06,14,44.97628490272794,90.93198992443325,31.698774080560412,pctile_all_past,90.0,ratio at or above its 90th percentile of all earlier months
10,12,3,2006-04,2015-10,98,13.19339881282733,21.57169693174703,7.40175505532239,pctile_all_past,90.0,ratio at or above its 90th percentile of all earlier months
10,12,4,2019-02,2025-08,56,-0.35409614082599905,-9.714285714285719,-9.393451422436927,pctile_all_past,90.0,ratio at or above its 90th percentile of all earlier months
11,6,1,1973-06,1974-05,12,22.018540045903002,28.301886792452823,5.149501661129574,pctile_all_past,95.0,ratio at or above its 95th percentile of all earlier months
11,6,2,2006-05,2006-10,6,-7.533306683021024,-12.639821029082777,-5.522544564837473,pctile_all_past,95.0,ratio at or above its 95th percentile of all earlier months
11,6,3,2007-07,2008-04,5,-1.0835117171311803,-11.438605292863413,-10.468521229868234,pctile_all_past,95.0,ratio at or above its 95th percentile of all earlier months
11,6,4,2009-04,2014-05,61,7.903810196971217,42.68209666439755,32.2308233638283,pctile_all_past,95.0,ratio at or above its 95th percentile of all earlier months
11,6,5,2020-07,2021-06,9,2.635031255755904,25.10985561833019,21.897810218978098,pctile_all_past,95.0,ratio at or above its 95th percentile of all earlier months
11,6,6,2023-03,2023-08,3,-1.7899822018815126,-6.5379403794037945,-4.83449477351916,pctile_all_past,95.0,ratio at or above its 95th percentile of all earlier months
11,6,7,2024-03,2024-07,3,-3.4126563964289702,6.306824720911508,10.062893081761004,pctile_all_past,95.0,ratio at or above its 95th percentile of all earlier months
11,6,8,2025-05,2026-02,5,-1.4696210140187516,13.416553026329602,15.108207431604747,pctile_all_past,95.0,ratio at or above its 95th percentile of all earlier months
11,12,1,1973-06,1974-05,12,11.089934989306037,39.50829045168667,25.581395348837212,pctile_all_past,95.0,ratio at or above its 95th percentile of all earlier months
11,12,2,2006-05,2014-05,72,-2.212203745399155,-4.536415610241118,-2.3767913317021994,pctile_all_past,95.0,ratio at or above its 95th percentile of all earlier months
11,12,3,2020-07,2021-06,9,-2.3861650525693556,48.32077840552418,51.94647201946472,pctile_all_past,95.0,ratio at or above its 95th percentile of all earlier months
11,12,4,2023-03,2025-06,8,1.199627300256223,-1.8857271906052353,-3.0487804878048808,pctile_all_past,95.0,ratio at or above its 95th percentile of all earlier months
12,6,1,1970-01,1970-09,9,-17.427500044854582,-15.928659286592861,1.8151815181518094,pctile_past_10y,50.0,ratio at or above its 50th percentile of the previous 10 years
12,6,2,1971-04,1971-04,1,-19.715684951026713,-16.85303514376997,3.565640194489461,pctile_past_10y,50.0,ratio at or above its 50th percentile of the previous 10 years
12,6,3,1973-01,1974-07,19,54.15648111010252,80.60768543342269,17.15867158671587,pctile_past_10y,50.0,ratio at or above its 50th percentile of the previous 10 years
12,6,4,1981-07,1983-01,19,1.1142235369906883,-4.2211652794292505,-5.276595744680856,pctile_past_10y,50.0,ratio at or above its 50th percentile of the previous 10 years
12,6,5,1985-03,1986-01,11,9.248073622320408,-1.726618705035976,-10.045662100456621,pctile_past_10y,50.0,ratio at or above its 50th percentile of the previous 10 years
12,6,6,1987-11,1988-01,3,-45.43562522673896,-3.0110935023771823,77.75133848899465,pctile_past_10y,50.0,ratio at or above its 50th percentile of the previous 10 years
12,6,7,1988-10,1996-05,89,15.183283096869982,6.054421768707474,-7.925508878302301,pctile_past_10y,50.0,ratio at or above its 50th percentile of the previous 10 years
12,6,8,1997-06,1997-06,1,-30.93828451072278,-32.56792958285496,-2.359693877551017,pctile_past_10y,50.0,ratio at or above its 50th percentile of the previous 10 years
12,6,9,2003-09,2015-10,139,43.73815885353412,68.10055865921787,16.94915254237288,pctile_past_10y,50.0,ratio at or above its 50th percentile of the previous 10 years
12,6,10,2019-02,2019-05,4,-3.030852547796825,-9.38095238095238,-6.548577563070312,pctile_past_10y,50.0,ratio at or above its 50th percentile of the previous 10 years
12,6,11,2019-12,2026-02,64,6.893601374248237,-5.298667105479682,-11.4059853190288,pctile_past_10y,50.0,ratio at or above its 50th percentile of the previous 10 years
12,12,1,1970-01,1971-04,10,-38.99178862128978,-37.88437884378843,1.8151815181518094,pctile_past_10y,50.0,ratio at or above its 50th percentile of the previous 10 years
12,12,2,1973-01,1974-07,19,62.95060040599161,81.59070598748883,11.439114391143912,pctile_past_10y,50.0,ratio at or above its 50th percentile of the previous 10 years
12,12,3,1981-07,1983-01,19,5.077648887024355,-14.3281807372176,-18.46808510638298,pctile_past_10y,50.0,ratio at or above its 50th percentile of the previous 10 years
12,12,4,1985-03,1986-01,11,-2.5404676258992898,3.9568345323740983,6.666666666666665,pctile_past_10y,50.0,ratio at or above its 50th percentile of the previous 10 years
12,12,5,1987-11,1996-05,92,-7.592319442836592,30.94294770206023,41.70136823319452,pctile_past_10y,50.0,ratio at or above its 50th percentile of the previous 10 years
12,12,6,1997-06,1997-06,1,-23.739316483324057,-36.43321852277076,-16.64540816326531,pctile_past_10y,50.0,ratio at or above its 50th percentile of the previous 10 years
12,12,7,2003-09,2015-10,139,32.83775551206107,61.731843575418985,21.751412429378526,pctile_past_10y,50.0,ratio at or above its 50th percentile of the previous 10 years
12,12,8,2019-02,2025-08,62,-0.35409614082599905,-9.714285714285719,-9.393451422436927,pctile_past_10y,50.0,ratio at or above its 50th percentile of the previous 10 years
13,6,1,1970-01,1970-07,7,-17.427500044854582,-15.928659286592861,1.8151815181518094,pctile_past_10y,60.0,ratio at or above its 60th percentile of the previous 10 years
13,6,2,1973-02,1974-07,18,53.84137884462545,70.65916398713827,10.931899641577058,pctile_past_10y,60.0,ratio at or above its 60th percentile of the previous 10 years
13,6,3,1981-11,1982-12,12,2.917849159281194,-7.450030284675957,-10.0739371534196,pctile_past_10y,60.0,ratio at or above its 60th percentile of the previous 10 years
13,6,4,1985-04,1985-12,9,5.030573721820963,-7.789613848202393,-12.20614828209765,pctile_past_10y,60.0,ratio at or above its 60th percentile of the previous 10 years
13,6,5,1987-11,1988-01,3,-45.43562522673896,-3.0110935023771823,77.75133848899465,pctile_past_10y,60.0,ratio at or above its 60th percentile of the previous 10 years
13,6,6,1988-10,1996-05,79,15.183283096869982,6.054421768707474,-7.925508878302301,pctile_past_10y,60.0,ratio at or above its 60th percentile of the previous 10 years
13,6,7,1997-06,1997-06,1,-30.93828451072278,-32.56792958285496,-2.359693877551017,pctile_past_10y,60.0,ratio at or above its 60th percentile of the previous 10 years
13,6,8,2003-10,2014-10,133,30.79730270541896,53.513794898490374,17.367706919945736,pctile_past_10y,60.0,ratio at or above its 60th percentile of the previous 10 years
13,6,9,2015-05,2015-06,2,-6.296463825578447,-23.749007148530577,-18.62527716186253,pctile_past_10y,60.0,ratio at or above its 60th percentile of the previous 10 years
13,6,10,2019-04,2019-04,1,-4.412558760862584,-10.577819198508854,-6.4498644986449865,pctile_past_10y,60.0,ratio at or above its 60th percentile of the previous 10 years
13,6,11,2020-04,2021-11,17,7.309364199209423,32.74021352313168,23.6986301369863,pctile_past_10y,60.0,ratio at or above its 60th percentile of the previous 10 years
13,6,12,2022-06,2026-02,41,-0.9712420131568811,-7.191932624113473,-6.281701131486539,pctile_past_10y,60.0,ratio at or above its 60th percentile of the previous 10 years
13,12,1,1970-01,1970-07,7,-38.99178862128978,-37.88437884378843,1.8151815181518094,pctile_past_10y,60.0,ratio at or above its 60th percentile of the previous 10 years
13,12,2,1973-02,1974-07,18,66.08781927078734,84.2443729903537,10.931899641577058,pctile_past_10y,60.0,ratio at or above its 60th percentile of the previous 10 years
13,12,3,1981-11,1982-12,12,-1.9336373308059596,-12.537855844942458,-10.81330868761553,pctile_past_10y,60.0,ratio at or above its 60th percentile of the previous 10 years
13,12,4,1985-04,1985-12,9,-9.22126740520085,-4.460719041278294,5.244122965641962,pctile_past_10y,60.0,ratio at or above its 60th percentile of the previous 10 years
13,12,5,1987-11,1996-05,82,-7.592319442836592,30.94294770206023,41.70136823319452,pctile_past_10y,60.0,ratio at or above its 60th percentile of the previous 10 years
13,12,6,1997-06,1997-06,1,-23.739316483324057,-36.43321852277076,-16.64540816326531,pctile_past_10y,60.0,ratio at or above its 60th percentile of the previous 10 years
13,12,7,2003-10,2015-06,135,26.98537277402453,56.79333680374805,23.473541383989136,pctile_past_10y,60.0,ratio at or above its 60th percentile of the previous 10 years
13,12,8,2019-04,2025-08,53,-0.7178056658453391,-21.435228331780053,-20.867208672086722,pctile_past_10y,60.0,ratio at or above its 60th percentile of the previous 10 years
14,6,1,1970-01,1970-06,6,-17.427500044854582,-15.928659286592861,1.8151815181518094,pctile_past_10y,70.0,ratio at or above its 70th percentile of the previous 10 years
14,6,2,1973-03,1974-06,16,21.206964606815504,28.211920529801326,5.779334500875666,pctile_past_10y,70.0,ratio at or above its 70th percentile of the previous 10 years
14,6,3,1982-10,1982-10,1,-19.982095579896473,14.64750171115674,43.27731092436975,pctile_past_10y,70.0,ratio at or above its 70th percentile of the previous 10 years
14,6,4,1985-05,1985-11,7,4.084018013682145,-10.51600261267146,-14.027149321266963,pctile_past_10y,70.0,ratio at or above its 70th percentile of the previous 10 years
14,6,5,1987-11,1987-12,2,-45.43562522673896,-3.0110935023771823,77.75133848899465,pctile_past_10y,70.0,ratio at or above its 70th percentile of the previous 10 years
14,6,6,1988-11,1993-09,53,-12.613148013091347,-17.125567322239032,-5.163727959697728,pctile_past_10y,70.0,ratio at or above its 70th percentile of the previous 10 years
14,6,7,1994-05,1994-08,4,-8.959014382430762,30.264993026499297,43.083900226757365,pctile_past_10y,70.0,ratio at or above its 70th percentile of the previous 10 years
14,6,8,1995-06,1996-05,7,4.948198717838914,-2.3038397328881466,-6.910112359550558,pctile_past_10y,70.0,ratio at or above its 70th percentile of the previous 10 years
14,6,9,2004-01,2014-06,125,8.859908811243923,15.841584158415834,6.413449564134499,pctile_past_10y,70.0,ratio at or above its 70th percentile of the previous 10 years
14,6,10,2020-07,2021-06,10,2.635031255755904,25.10985561833019,21.897810218978098,pctile_past_10y,70.0,ratio at or above its 70th percentile of the previous 10 years
14,6,11,2023-01,2026-02,34,8.64341299697573,-6.2071254702367735,-13.669064748201443,pctile_past_10y,70.0,ratio at or above its 70th percentile of the previous 10 years
14,12,1,1970-01,1970-06,6,-38.99178862128978,-37.88437884378843,1.8151815181518094,pctile_past_10y,70.0,ratio at or above its 70th percentile of the previous 10 years
14,12,2,1973-03,1974-06,16,50.76361081164331,81.65562913907284,20.490367775831864,pctile_past_10y,70.0,ratio at or above its 70th percentile of the previous 10 years
14,12,3,1982-10,1982-10,1,-40.290026862756925,-1.7796030116358663,64.49579831932772,pctile_past_10y,70.0,ratio at or above its 70th percentile of the previous 10 years
14,12,4,1985-05,1985-11,7,-12.013406775438185,-7.315480078380143,5.339366515837107,pctile_past_10y,70.0,ratio at or above its 70th percentile of the previous 10 years
14,12,5,1987-11,1996-05,66,-7.592319442836592,30.94294770206023,41.70136823319452,pctile_past_10y,70.0,ratio at or above its 70th percentile of the previous 10 years
14,12,6,2004-01,2014-06,125,14.51776311764219,30.775577557755774,14.19676214196761,pctile_past_10y,70.0,ratio at or above its 70th percentile of the previous 10 years
14,12,7,2020-07,2021-06,10,-2.3861650525693556,48.32077840552418,51.94647201946472,pctile_past_10y,70.0,ratio at or above its 70th percentile of the previous 10 years
14,12,8,2023-01,2025-08,28,5.266530826372562,-7.73401194954636,-12.35011990407674,pctile_past_10y,70.0,ratio at or above its 70th percentile of the previous 10 years
15,6,1,1970-01,1970-05,5,-17.427500044854582,-15.928659286592861,1.8151815181518094,pctile_past_10y,80.0,ratio at or above its 80th percentile of the previous 10 years
15,6,2,1973-03,1974-06,16,21.206964606815504,28.211920529801326,5.779334500875666,pctile_past_10y,80.0,ratio at or above its 80th percentile of the previous 10 years
15,6,3,1985-07,1985-07,1,-13.056997016100935,-3.8644067796610115,10.573122529644262,pctile_past_10y,80.0,ratio at or above its 80th percentile of the previous 10 years
15,6,4,1987-11,1987-12,2,-45.43562522673896,-3.0110935023771823,77.75133848899465,pctile_past_10y,80.0,ratio at or above its 80th percentile of the previous 10 years
15,6,5,1988-12,1993-04,49,-4.844614508459355,-27.236353243783938,-23.53176188573711,pctile_past_10y,80.0,ratio at or above its 80th percentile of the previous 10 years
15,6,6,1995-11,1995-12,2,-7.06319246803635,-10.715485387974466,-3.929866989117292,pctile_past_10y,80.0,ratio at or above its 80th percentile of the previous 10 years
15,6,7,2004-02,2014-05,118,2.750282660088388,3.1159420289855078,0.3558718861210064,pctile_past_10y,80.0,ratio at or above its 80th percentile of the previous 10 years
15,6,8,2021-01,2021-06,6,-4.892283119019048,18.552433517310597,24.650698602794407,pctile_past_10y,80.0,ratio at or above its 80th percentile of the previous 10 years
15,6,9,2023-03,2024-09,17,-1.7899822018815126,-6.5379403794037945,-4.83449477351916,pctile_past_10y,80.0,ratio at or above its 80th percentile of the previous 10 years
15,6,10,2025-04,2026-02,8,-0.6089454243182857,17.031709709055253,17.748735244519388,pctile_past_10y,80.0,ratio at or above its 80th percentile of the previous 10 years
15,12,1,1970-01,1970-05,5,-38.99178862128978,-37.88437884378843,1.8151815181518094,pctile_past_10y,80.0,ratio at or above its 80th percentile of the previous 10 years
15,12,2,1973-03,1974-06,16,50.76361081164331,81.65562913907284,20.490367775831864,pctile_past_10y,80.0,ratio at or above its 80th percentile of the previous 10 years
15,12,3,1985-07,1985-07,1,-17.88774016330349,-8.881355932203395,10.96837944664031,pctile_past_10y,80.0,ratio at or above its 80th percentile of the previous 10 years
15,12,4,1987-11,1993-04,51,-7.592319442836592,30.94294770206023,41.70136823319452,pctile_past_10y,80.0,ratio at or above its 80th percentile of the previous 10 years
15,12,5,1995-11,1995-12,2,-14.51533017501998,-25.05878401074908,-12.33373639661427,pctile_past_10y,80.0,ratio at or above its 80th percentile of the previous 10 years
15,12,6,2004-02,2014-05,118,5.56397053730171,17.898550724637687,11.684460260972717,pctile_past_10y,80.0,ratio at or above its 80th percentile of the previous 10 years
15,12,7,2021-01,2021-06,6,-18.19702291353069,22.70446562970396,50.0,pctile_past_10y,80.0,ratio at or above its 80th percentile of the previous 10 years
15,12,8,2023-03,2025-06,20,1.199627300256223,-1.8857271906052353,-3.0487804878048808,pctile_past_10y,80.0,ratio at or above its 80th percentile of the previous 10 years
16,6,1,1970-02,1970-04,3,-24.899718203505785,-23.536511768255885,1.8151815181518094,pctile_past_10y,90.0,ratio at or above its 90th percentile of the previous 10 years
16,6,2,1973-06,1974-06,13,22.018540045903002,28.301886792452823,5.149501661129574,pctile_past_10y,90.0,ratio at or above its 90th percentile of the previous 10 years
16,6,3,1987-11,1987-12,2,-45.43562522673896,-3.0110935023771823,77.75133848899465,pctile_past_10y,90.0,ratio at or above its 90th percentile of the previous 10 years
16,6,4,1989-03,1993-03,38,6.667151726814136,-11.6421568627451,-17.164898746383795,pctile_past_10y,90.0,ratio at or above its 90th percentile of the previous 10 years
16,6,5,2004-02,2008-05,48,2.750282660088388,3.1159420289855078,0.3558718861210064,pctile_past_10y,90.0,ratio at or above its 90th percentile of the previous 10 years
16,6,6,2009-04,2014-02,54,7.903810196971217,42.68209666439755,32.2308233638283,pctile_past_10y,90.0,ratio at or above its 90th percentile of the previous 10 years
16,6,7,2021-01,2021-05,5,-4.892283119019048,18.552433517310597,24.650698602794407,pctile_past_10y,90.0,ratio at or above its 90th percentile of the previous 10 years
16,6,8,2024-03,2024-07,4,-3.4126563964289702,6.306824720911508,10.062893081761004,pctile_past_10y,90.0,ratio at or above its 90th percentile of the previous 10 years
16,6,9,2025-04,2026-02,6,-0.6089454243182857,17.031709709055253,17.748735244519388,pctile_past_10y,90.0,ratio at or above its 90th percentile of the previous 10 years
16,12,1,1970-02,1970-04,3,-39.540420337471105,-38.44296922148461,1.8151815181518094,pctile_past_10y,90.0,ratio at or above its 90th percentile of the previous 10 years
16,12,2,1973-06,1974-06,13,11.089934989306037,39.50829045168667,25.581395348837212,pctile_past_10y,90.0,ratio at or above its 90th percentile of the previous 10 years
16,12,3,1987-11,1987-12,2,-7.592319442836592,30.94294770206023,41.70136823319452,pctile_past_10y,90.0,ratio at or above its 90th percentile of the previous 10 years
16,12,4,1989-03,1993-03,38,6.483992767496272,-19.546568627450977,-24.445515911282545,pctile_past_10y,90.0,ratio at or above its 90th percentile of the previous 10 years
16,12,5,2004-02,2014-02,102,5.56397053730171,17.898550724637687,11.684460260972717,pctile_past_10y,90.0,ratio at or above its 90th percentile of the previous 10 years
16,12,6,2021-01,2021-05,5,-18.19702291353069,22.70446562970396,50.0,pctile_past_10y,90.0,ratio at or above its 90th percentile of the previous 10 years
16,12,7,2024-03,2025-06,7,-6.1229696248103815,12.095753251237195,19.407008086253374,pctile_past_10y,90.0,ratio at or above its 90th percentile of the previous 10 years
17,6,1,1973-07,1974-05,11,5.704670496213593,0.544285007422074,-4.881889763779523,pctile_past_10y,95.0,ratio at or above its 95th percentile of the previous 10 years
17,6,2,1987-11,1987-12,2,-45.43562522673896,-3.0110935023771823,77.75133848899465,pctile_past_10y,95.0,ratio at or above its 95th percentile of the previous 10 years
17,6,3,1989-03,1990-08,12,6.667151726814136,-11.6421568627451,-17.164898746383795,pctile_past_10y,95.0,ratio at or above its 95th percentile of the previous 10 years
17,6,4,1991-04,1992-10,15,15.755170958210197,-4.3689320388349495,-17.385057471264364,pctile_past_10y,95.0,ratio at or above its 95th percentile of the previous 10 years
17,6,5,2004-03,2008-04,34,-7.583513959282239,-3.7886340977068778,4.106280193236711,pctile_past_10y,95.0,ratio at or above its 95th percentile of the previous 10 years
17,6,6,2009-04,2014-02,49,7.903810196971217,42.68209666439755,32.2308233638283,pctile_past_10y,95.0,ratio at or above its 95th percentile of the previous 10 years
17,6,7,2021-02,2021-05,3,-11.654337800163649,10.612678550348242,25.204425204425206,pctile_past_10y,95.0,ratio at or above its 95th percentile of the previous 10 years
17,6,8,2024-05,2024-07,2,-11.073644123599081,-10.484268665548868,0.662768031189076,pctile_past_10y,95.0,ratio at or above its 95th percentile of the previous 10 years
17,6,9,2025-12,2026-02,3,-3.832015971925029,14.993635977938059,19.575799721835875,pctile_past_10y,95.0,ratio at or above its 95th percentile of the previous 10 years
17,12,1,1973-07,1974-05,11,-20.76852704942389,-5.0470064324591775,19.842519685039363,pctile_past_10y,95.0,ratio at or above its 95th percentile of the previous 10 years
17,12,2,1987-11,1987-12,2,-7.592319442836592,30.94294770206023,41.70136823319452,pctile_past_10y,95.0,ratio at or above its 95th percentile of the previous 10 years
17,12,3,1989-03,1992-10,27,6.483992767496272,-19.546568627450977,-24.445515911282545,pctile_past_10y,95.0,ratio at or above its 95th percentile of the previous 10 years
17,12,4,2004-03,2014-02,83,-6.079337744342728,12.296444001329343,19.565217391304344,pctile_past_10y,95.0,ratio at or above its 95th percentile of the previous 10 years
17,12,5,2021-02,2021-05,3,-24.822352481915576,17.37693306575374,56.13275613275612,pctile_past_10y,95.0,ratio at or above its 95th percentile of the previous 10 years
17,12,6,2024-05,2024-07,2,-1.523398062158532,-5.976920800867935,-4.5224171539961056,pctile_past_10y,95.0,ratio at or above its 95th percentile of the previous 10 years
